{"v":"5.9.6","fr":29.9700012207031,"ip":0,"op":14.0000005702317,"w":1080,"h":1080,"nm":"camel","ddd":0,"assets":[{"id":"comp_0","nm":"1","fr":29.9700012207031,"layers":[{"ddd":0,"ind":1,"ty":4,"nm":"back right leg Outlines","parent":6,"sr":1,"ks":{"o":{"a":0,"k":100,"ix":11},"r":{"a":0,"k":0,"ix":10},"p":{"a":0,"k":[51.701,97.215,0],"ix":2,"l":2},"a":{"a":0,"k":[111.238,57.5,0],"ix":1,"l":2},"s":{"a":0,"k":[100,100,100],"ix":6,"l":2}},"ao":0,"shapes":[{"ty":"gr","it":[{"ind":0,"ty":"sh","ix":1,"ks":{"a":1,"k":[{"i":{"x":0.833,"y":0.833},"o":{"x":0.167,"y":0.167},"t":0,"s":[{"i":[[0,0],[3.864,-12.825],[0,0]],"o":[[0,0],[-3.864,12.825],[0,0]],"v":[[30.619,-61.349],[-23.869,-16.189],[-22.948,64.099]],"c":false}]},{"i":{"x":0.833,"y":0.833},"o":{"x":0.167,"y":0.167},"t":1,"s":[{"i":[[0,0],[1.585,-11.617],[0,0]],"o":[[0,0],[-1.446,10.596],[0,0]],"v":[[27.608,-62.842],[-27.415,-13.943],[-24.678,61.833]],"c":false}]},{"i":{"x":0.833,"y":0.833},"o":{"x":0.167,"y":0.167},"t":2,"s":[{"i":[[0,0],[1.052,-10.705],[0,0]],"o":[[0,0],[-1.052,10.705],[0,0]],"v":[[29.011,-61.983],[-19.725,-11.783],[1.641,61.014]],"c":false}]},{"i":{"x":0.833,"y":0.833},"o":{"x":0.167,"y":0.167},"t":3,"s":[{"i":[[0,0],[-0.409,-11.584],[0,0]],"o":[[0,0],[0.409,11.584],[0,0]],"v":[[32.039,-58.276],[-11.578,-2.02],[24.093,66.697]],"c":false}]},{"i":{"x":0.833,"y":0.833},"o":{"x":0.167,"y":0.167},"t":4,"s":[{"i":[[0,0],[-0.409,-11.584],[0,0]],"o":[[0,0],[0.409,11.584],[0,0]],"v":[[32.039,-58.276],[-27.902,-1.705],[-19.052,76.08]],"c":false}]},{"i":{"x":0.833,"y":0.833},"o":{"x":0.167,"y":0.167},"t":5,"s":[{"i":[[0,0],[4.22,-10.965],[0,0]],"o":[[0,0],[-4.163,10.818],[0,0]],"v":[[33.32,-57.008],[-34.88,5.34],[-50.6,81.772]],"c":false}]},{"i":{"x":0.833,"y":0.833},"o":{"x":0.167,"y":0.167},"t":6,"s":[{"i":[[0,0],[10.984,-11.033],[0,0]],"o":[[0,0],[-9.148,9.188],[0,0]],"v":[[36.08,-55.731],[-42.684,4.492],[-90.814,80.603]],"c":false}]},{"i":{"x":0.833,"y":0.833},"o":{"x":0.167,"y":0.167},"t":7,"s":[{"i":[[0,0],[10.984,-11.033],[0,0]],"o":[[0,0],[-9.148,9.188],[0,0]],"v":[[35.343,-57.751],[-42.591,3.221],[-93.473,83.102]],"c":false}]},{"i":{"x":0.833,"y":0.833},"o":{"x":0.167,"y":0.167},"t":8,"s":[{"i":[[0,0],[10.984,-11.033],[0,0]],"o":[[0,0],[-9.148,9.188],[0,0]],"v":[[37.165,-56.637],[-45.812,-1.216],[-100.637,70.568]],"c":false}]},{"i":{"x":0.833,"y":0.833},"o":{"x":0.167,"y":0.167},"t":9,"s":[{"i":[[0,0],[12.053,-9.855],[0,0]],"o":[[0,0],[-10.888,8.902],[0,0]],"v":[[38.123,-60.041],[-50.143,-10.367],[-123.106,63.165]],"c":false}]},{"i":{"x":0.833,"y":0.833},"o":{"x":0.167,"y":0.167},"t":10,"s":[{"i":[[0,0],[12.053,-9.855],[0,0]],"o":[[0,0],[-10.888,8.902],[0,0]],"v":[[39.22,-57.953],[-57.03,-22.165],[-115.706,45.031]],"c":false}]},{"i":{"x":0.833,"y":0.833},"o":{"x":0.167,"y":0.167},"t":11,"s":[{"i":[[0,0],[18.308,-11.813],[0,0]],"o":[[0,0],[-9.733,6.28],[0,0]],"v":[[39.22,-57.953],[-54.844,-47.131],[-111.486,18.1]],"c":false}]},{"i":{"x":0.833,"y":0.833},"o":{"x":0.167,"y":0.167},"t":12,"s":[{"i":[[0,0],[20.583,-12.517],[0,0]],"o":[[0,0],[-9.897,6.018],[0,0]],"v":[[39.507,-61.2],[-41.345,-46.974],[-80.383,30.963]],"c":false}]},{"i":{"x":0.833,"y":0.833},"o":{"x":0.167,"y":0.167},"t":13,"s":[{"i":[[0,0],[20.583,-12.517],[0,0]],"o":[[0,0],[-9.897,6.018],[0,0]],"v":[[39.507,-61.2],[-43.114,-43.734],[-80.392,32.463]],"c":false}]},{"t":14.0000005702317,"s":[{"i":[[0,0],[3.864,-12.825],[0,0]],"o":[[0,0],[-3.864,12.825],[0,0]],"v":[[30.619,-61.349],[-23.869,-16.189],[-22.948,64.099]],"c":false}]}],"ix":2},"nm":"Path 1","mn":"ADBE Vector Shape - Group","hd":false},{"ty":"st","c":{"a":0,"k":[0.737254901961,0.521568627451,0.172549019608,1],"ix":3},"o":{"a":0,"k":100,"ix":4},"w":{"a":0,"k":23,"ix":5},"lc":2,"lj":2,"bm":0,"nm":"Stroke 1","mn":"ADBE Vector Graphic - Stroke","hd":false},{"ty":"tr","p":{"a":0,"k":[84.369,121.598],"ix":2},"a":{"a":0,"k":[0,0],"ix":1},"s":{"a":0,"k":[100,100],"ix":3},"r":{"a":0,"k":0,"ix":6},"o":{"a":0,"k":100,"ix":7},"sk":{"a":0,"k":0,"ix":4},"sa":{"a":0,"k":0,"ix":5},"nm":"Transform"}],"nm":"Group 1","np":2,"cix":2,"bm":0,"ix":1,"mn":"ADBE Vector Group","hd":false}],"ip":0,"op":300.00001221925,"st":0,"ct":1,"bm":0},{"ddd":0,"ind":2,"ty":4,"nm":"Layer 14 Outlines","parent":1,"sr":1,"ks":{"o":{"a":0,"k":100,"ix":11},"r":{"a":1,"k":[{"i":{"x":[0.833],"y":[0.833]},"o":{"x":[0.167],"y":[0.167]},"t":0,"s":[0]},{"i":{"x":[0.833],"y":[0.833]},"o":{"x":[0.167],"y":[0.167]},"t":1,"s":[0]},{"i":{"x":[0.833],"y":[0.833]},"o":{"x":[0.167],"y":[0.167]},"t":2,"s":[-16]},{"i":{"x":[0.833],"y":[0.833]},"o":{"x":[0.167],"y":[0.167]},"t":3,"s":[-28]},{"i":{"x":[0.833],"y":[0.833]},"o":{"x":[0.167],"y":[0.167]},"t":4,"s":[-50]},{"i":{"x":[0.833],"y":[0.833]},"o":{"x":[0.167],"y":[0.167]},"t":5,"s":[-76]},{"i":{"x":[0.833],"y":[0.833]},"o":{"x":[0.167],"y":[0.167]},"t":6,"s":[-99]},{"i":{"x":[0.833],"y":[0.833]},"o":{"x":[0.167],"y":[0.167]},"t":7,"s":[-99]},{"i":{"x":[0.833],"y":[0.833]},"o":{"x":[0.167],"y":[0.167]},"t":8,"s":[-36]},{"i":{"x":[0.833],"y":[0.833]},"o":{"x":[0.167],"y":[0.167]},"t":9,"s":[30]},{"i":{"x":[0.833],"y":[0.833]},"o":{"x":[0.167],"y":[0.167]},"t":10,"s":[30]},{"i":{"x":[0.833],"y":[0.833]},"o":{"x":[0.167],"y":[0.167]},"t":11,"s":[34]},{"i":{"x":[0.833],"y":[0.833]},"o":{"x":[0.167],"y":[0.167]},"t":12,"s":[23]},{"i":{"x":[0.833],"y":[0.833]},"o":{"x":[0.167],"y":[0.167]},"t":13,"s":[23]},{"t":14.0000005702317,"s":[0]}],"ix":10},"p":{"a":1,"k":[{"i":{"x":0.833,"y":0.833},"o":{"x":0.167,"y":0.167},"t":0,"s":[52.31,193.507,0],"to":[-0.375,-0.045,0],"ti":[-0.022,-0.084,0]},{"i":{"x":0.833,"y":0.833},"o":{"x":0.167,"y":0.167},"t":1,"s":[50.062,193.238,0],"to":[0.05,0.193,0],"ti":[0.031,-0.238,0]},{"i":{"x":0.833,"y":0.833},"o":{"x":0.167,"y":0.167},"t":2,"s":[79.784,194.545,0],"to":[-0.042,0.321,0],"ti":[0.021,0.002,0]},{"i":{"x":0.833,"y":0.833},"o":{"x":0.167,"y":0.167},"t":3,"s":[105.08,200.22,0],"to":[-4.297,-0.452,0],"ti":[0,0,0]},{"i":{"x":0.833,"y":0.833},"o":{"x":0.167,"y":0.167},"t":4,"s":[64.124,211.529,0],"to":[0,0,0],"ti":[0,0,0]},{"i":{"x":0.833,"y":0.833},"o":{"x":0.167,"y":0.167},"t":5,"s":[34.156,219.567,0],"to":[0,0,0],"ti":[0,0,0]},{"i":{"x":0.833,"y":0.833},"o":{"x":0.167,"y":0.167},"t":6,"s":[-5.182,214.592,0],"to":[0,0,0],"ti":[0,0,0]},{"i":{"x":0.833,"y":0.833},"o":{"x":0.167,"y":0.167},"t":7,"s":[-5.717,214.184,0],"to":[0,0,0],"ti":[0,0,0]},{"i":{"x":0.833,"y":0.833},"o":{"x":0.167,"y":0.167},"t":8,"s":[-26.11,208.36,0],"to":[0,0,0],"ti":[0,0,0]},{"i":{"x":0.833,"y":0.833},"o":{"x":0.167,"y":0.167},"t":9,"s":[-51.392,186.081,0],"to":[0,0,0],"ti":[0,0,0]},{"i":{"x":0.833,"y":0.833},"o":{"x":0.167,"y":0.167},"t":10,"s":[-45.846,168.947,0],"to":[0,0,0],"ti":[0,0,0]},{"i":{"x":0.833,"y":0.833},"o":{"x":0.167,"y":0.167},"t":11,"s":[-40.103,140.793,0],"to":[0,0,0],"ti":[0,0,0]},{"i":{"x":0.833,"y":0.833},"o":{"x":0.167,"y":0.167},"t":12,"s":[-8.677,158.035,0],"to":[0,0,0],"ti":[0,0,0]},{"i":{"x":0.833,"y":0.833},"o":{"x":0.167,"y":0.167},"t":13,"s":[-8.56,159.536,0],"to":[0,0,0],"ti":[-10.145,-5.662,0]},{"t":14.0000005702317,"s":[52.31,193.507,0]}],"ix":2,"l":2},"a":{"a":0,"k":[19.513,21.103,0],"ix":1,"l":2},"s":{"a":0,"k":[100,100,100],"ix":6,"l":2}},"ao":0,"shapes":[{"ty":"gr","it":[{"ind":0,"ty":"sh","ix":1,"ks":{"a":0,"k":{"i":[[0,0],[0,0],[0,0],[7.413,-9.27],[9.269,7.412]],"o":[[0,0],[0,0],[9.269,7.412],[-7.412,9.269],[0,0]],"v":[[-19.263,12.714],[7.58,-20.853],[8.488,-20.126],[11.85,10.079],[-18.354,13.441]],"c":true},"ix":2},"nm":"Path 1","mn":"ADBE Vector Shape - Group","hd":false},{"ty":"fl","c":{"a":0,"k":[0.737254901961,0.521568627451,0.172549019608,1],"ix":4},"o":{"a":0,"k":100,"ix":5},"r":1,"bm":0,"nm":"Fill 1","mn":"ADBE Vector Graphic - Fill","hd":false},{"ty":"tr","p":{"a":0,"k":[19.513,21.103],"ix":2},"a":{"a":0,"k":[0,0],"ix":1},"s":{"a":0,"k":[100,100],"ix":3},"r":{"a":0,"k":0,"ix":6},"o":{"a":0,"k":100,"ix":7},"sk":{"a":0,"k":0,"ix":4},"sa":{"a":0,"k":0,"ix":5},"nm":"Transform"}],"nm":"Group 1","np":2,"cix":2,"bm":0,"ix":1,"mn":"ADBE Vector Group","hd":false}],"ip":0,"op":300.00001221925,"st":0,"ct":1,"bm":0},{"ddd":0,"ind":3,"ty":4,"nm":"front right leg Outlines","parent":6,"sr":1,"ks":{"o":{"a":0,"k":100,"ix":11},"r":{"a":0,"k":0,"ix":10},"p":{"a":0,"k":[138.762,115.032,0],"ix":2,"l":2},"a":{"a":0,"k":[45,45,0],"ix":1,"l":2},"s":{"a":0,"k":[100,100,100],"ix":6,"l":2}},"ao":0,"shapes":[{"ty":"gr","it":[{"ind":0,"ty":"sh","ix":1,"ks":{"a":1,"k":[{"i":{"x":0.833,"y":0.833},"o":{"x":0.167,"y":0.167},"t":0,"s":[{"i":[[0,0],[-1.592,-8.102],[0,0]],"o":[[0,0],[1.592,8.102],[0,0]],"v":[[-12.122,-70.62],[12.122,-7.804],[5.238,70.62]],"c":false}]},{"i":{"x":0.833,"y":0.833},"o":{"x":0.167,"y":0.167},"t":1,"s":[{"i":[[0,0],[-3.253,-12.94],[0,0]],"o":[[0,0],[1.041,10.598],[0,0]],"v":[[-15.635,-69.151],[10.109,-6.322],[1.734,71.09]],"c":false}]},{"i":{"x":0.833,"y":0.833},"o":{"x":0.167,"y":0.167},"t":2,"s":[{"i":[[0,0],[7.153,-8.032],[0,0]],"o":[[0,0],[-7.153,8.032],[0,0]],"v":[[13.677,-79.131],[24.643,-1.805],[-30.254,41.375]],"c":false}]},{"i":{"x":0.833,"y":0.833},"o":{"x":0.167,"y":0.167},"t":3,"s":[{"i":[[0,0],[4.407,-13.514],[0,0]],"o":[[0,0],[-4.323,13.257],[0,0]],"v":[[12.81,-78.083],[45.168,-1.485],[-1.413,49.183]],"c":false}]},{"i":{"x":0.833,"y":0.833},"o":{"x":0.167,"y":0.167},"t":4,"s":[{"i":[[0,0],[7.26,-15.055],[0,0]],"o":[[0,0],[-5.941,12.321],[0,0]],"v":[[1.942,-73.44],[49.931,5.433],[3.634,54.936]],"c":false}]},{"i":{"x":0.833,"y":0.833},"o":{"x":0.167,"y":0.167},"t":5,"s":[{"i":[[0,0],[1.148,-8.828],[0,0]],"o":[[0,0],[-2.734,9.773],[0,0]],"v":[[5.967,-70.696],[62.133,-1.155],[14.341,58.807]],"c":false}]},{"i":{"x":0.833,"y":0.833},"o":{"x":0.167,"y":0.167},"t":6,"s":[{"i":[[0,0],[1.148,-8.828],[0,0]],"o":[[0,0],[-3.441,12.892],[0,0]],"v":[[0.87,-65.356],[67.786,0.917],[22.73,63.186]],"c":false}]},{"i":{"x":0.833,"y":0.833},"o":{"x":0.167,"y":0.167},"t":7,"s":[{"i":[[0,0],[1.148,-8.828],[0,0]],"o":[[0,0],[-3.441,12.892],[0,0]],"v":[[0.87,-65.356],[67.786,0.917],[22.73,63.186]],"c":false}]},{"i":{"x":0.833,"y":0.833},"o":{"x":0.167,"y":0.167},"t":8,"s":[{"i":[[0,0],[-4.749,-10.721],[0,0]],"o":[[0,0],[3.039,13.685],[0,0]],"v":[[-1.811,-63.325],[76.223,-11.21],[79.205,62.064]],"c":false}]},{"i":{"x":0.833,"y":0.833},"o":{"x":0.167,"y":0.167},"t":9,"s":[{"i":[[0,0],[-10.097,-8.898],[0,0]],"o":[[0,0],[10.692,13.035],[0,0]],"v":[[-1.811,-63.325],[78.768,-11.376],[126.073,60.481]],"c":false}]},{"i":{"x":0.833,"y":0.833},"o":{"x":0.167,"y":0.167},"t":10,"s":[{"i":[[0,0],[-13.265,-11.713],[0,0]],"o":[[0,0],[10.044,15.105],[0,0]],"v":[[-5.644,-62.359],[56.985,-11.756],[74.904,64.164]],"c":false}]},{"i":{"x":0.833,"y":0.833},"o":{"x":0.167,"y":0.167},"t":11,"s":[{"i":[[0,0],[-5.43,-18.951],[0,0]],"o":[[0,0],[4.914,18.735],[0,0]],"v":[[-1.583,-65.788],[35.094,-3.887],[26.903,63.827]],"c":false}]},{"i":{"x":0.833,"y":0.833},"o":{"x":0.167,"y":0.167},"t":12,"s":[{"i":[[0,0],[-5.43,-18.951],[0,0]],"o":[[0,0],[-0.204,10.928],[0,0]],"v":[[6.704,-68.942],[32.112,-5.422],[-0.229,53.51]],"c":false}]},{"i":{"x":0.833,"y":0.833},"o":{"x":0.167,"y":0.167},"t":13,"s":[{"i":[[0,0],[-5.43,-18.951],[0,0]],"o":[[0,0],[-0.204,10.928],[0,0]],"v":[[6.704,-68.942],[32.112,-5.422],[-0.229,53.51]],"c":false}]},{"t":14.0000005702317,"s":[{"i":[[0,0],[-1.592,-8.102],[0,0]],"o":[[0,0],[1.592,8.102],[0,0]],"v":[[-12.122,-70.62],[12.122,-7.804],[5.238,70.62]],"c":false}]}],"ix":2},"nm":"Path 1","mn":"ADBE Vector Shape - Group","hd":false},{"ty":"st","c":{"a":0,"k":[0.737254901961,0.521568627451,0.172549019608,1],"ix":3},"o":{"a":0,"k":100,"ix":4},"w":{"a":0,"k":18,"ix":5},"lc":2,"lj":2,"bm":0,"nm":"Stroke 1","mn":"ADBE Vector Graphic - Stroke","hd":false},{"ty":"tr","p":{"a":0,"k":[57.123,115.62],"ix":2},"a":{"a":0,"k":[0,0],"ix":1},"s":{"a":0,"k":[100,100],"ix":3},"r":{"a":0,"k":0,"ix":6},"o":{"a":0,"k":100,"ix":7},"sk":{"a":0,"k":0,"ix":4},"sa":{"a":0,"k":0,"ix":5},"nm":"Transform"}],"nm":"Group 1","np":2,"cix":2,"bm":0,"ix":1,"mn":"ADBE Vector Group","hd":false}],"ip":0,"op":300.00001221925,"st":0,"ct":1,"bm":0},{"ddd":0,"ind":4,"ty":4,"nm":"Layer 16 Outlines","parent":3,"sr":1,"ks":{"o":{"a":0,"k":100,"ix":11},"r":{"a":1,"k":[{"i":{"x":[0.833],"y":[0.833]},"o":{"x":[0.167],"y":[0.167]},"t":0,"s":[0]},{"i":{"x":[0.833],"y":[0.833]},"o":{"x":[0.167],"y":[0.167]},"t":1,"s":[0]},{"i":{"x":[0.833],"y":[0.833]},"o":{"x":[0.167],"y":[0.167]},"t":2,"s":[142]},{"i":{"x":[0.833],"y":[0.833]},"o":{"x":[0.167],"y":[0.167]},"t":3,"s":[166]},{"i":{"x":[0.833],"y":[0.833]},"o":{"x":[0.167],"y":[0.167]},"t":4,"s":[160]},{"i":{"x":[0.833],"y":[0.833]},"o":{"x":[0.167],"y":[0.167]},"t":5,"s":[141]},{"i":{"x":[0.833],"y":[0.833]},"o":{"x":[0.167],"y":[0.167]},"t":6,"s":[128]},{"i":{"x":[0.833],"y":[0.833]},"o":{"x":[0.167],"y":[0.167]},"t":7,"s":[128]},{"i":{"x":[0.833],"y":[0.833]},"o":{"x":[0.167],"y":[0.167]},"t":8,"s":[72]},{"i":{"x":[0.833],"y":[0.833]},"o":{"x":[0.167],"y":[0.167]},"t":9,"s":[17]},{"i":{"x":[0.833],"y":[0.833]},"o":{"x":[0.167],"y":[0.167]},"t":10,"s":[17]},{"i":{"x":[0.833],"y":[0.833]},"o":{"x":[0.167],"y":[0.167]},"t":11,"s":[12]},{"i":{"x":[0.833],"y":[0.833]},"o":{"x":[0.167],"y":[0.167]},"t":12,"s":[50]},{"i":{"x":[0.833],"y":[0.833]},"o":{"x":[0.167],"y":[0.167]},"t":13,"s":[50]},{"t":14.0000005702317,"s":[0]}],"ix":10},"p":{"a":1,"k":[{"i":{"x":0.833,"y":0.833},"o":{"x":0.167,"y":0.167},"t":0,"s":[69.918,190.592,0],"to":[-0.335,0.164,0],"ti":[0.193,-0.229,0]},{"i":{"x":0.833,"y":0.833},"o":{"x":0.167,"y":0.167},"t":1,"s":[67.909,191.574,0],"to":[-0.249,0.295,0],"ti":[-0.017,-0.174,0]},{"i":{"x":0.833,"y":0.833},"o":{"x":0.167,"y":0.167},"t":2,"s":[17.467,167.652,0],"to":[0.006,0.062,0],"ti":[0.191,0.165,0]},{"i":{"x":0.833,"y":0.833},"o":{"x":0.167,"y":0.167},"t":3,"s":[43.966,171.442,0],"to":[-0.161,-0.139,0],"ti":[-0.093,-0.023,0]},{"i":{"x":0.833,"y":0.833},"o":{"x":0.167,"y":0.167},"t":4,"s":[49.099,179.498,0],"to":[0.085,0.021,0],"ti":[-0.16,-0.159,0]},{"i":{"x":0.833,"y":0.833},"o":{"x":0.167,"y":0.167},"t":5,"s":[66.829,180.664,0],"to":[2.104,2.084,0],"ti":[-0.333,-0.675,0]},{"i":{"x":0.833,"y":0.833},"o":{"x":0.167,"y":0.167},"t":6,"s":[76.256,187.402,0],"to":[0.333,0.675,0],"ti":[0,0,0]},{"i":{"x":0.833,"y":0.833},"o":{"x":0.167,"y":0.167},"t":7,"s":[75.513,186.807,0],"to":[0,0,0],"ti":[0,0,0]},{"i":{"x":0.833,"y":0.833},"o":{"x":0.167,"y":0.167},"t":8,"s":[141.965,192.055,0],"to":[0,0,0],"ti":[0,0,0]},{"i":{"x":0.833,"y":0.833},"o":{"x":0.167,"y":0.167},"t":9,"s":[197.355,181.392,0],"to":[0,0,0],"ti":[0,0,0]},{"i":{"x":0.833,"y":0.833},"o":{"x":0.167,"y":0.167},"t":10,"s":[143.706,186.394,0],"to":[0,0,0],"ti":[0,0,0]},{"i":{"x":0.833,"y":0.833},"o":{"x":0.167,"y":0.167},"t":11,"s":[92.31,187.122,0],"to":[0,0,0],"ti":[0,0,0]},{"i":{"x":0.833,"y":0.833},"o":{"x":0.167,"y":0.167},"t":12,"s":[63.62,181.788,0],"to":[0,0,0],"ti":[0,0,0]},{"i":{"x":0.833,"y":0.833},"o":{"x":0.167,"y":0.167},"t":13,"s":[63.62,181.788,0],"to":[0,0,0],"ti":[-1.05,-1.467,0]},{"t":14.0000005702317,"s":[69.918,190.592,0]}],"ix":2,"l":2},"a":{"a":0,"k":[21.74,11.576,0],"ix":1,"l":2},"s":{"a":0,"k":[100,100,100],"ix":6,"l":2}},"ao":0,"shapes":[{"ty":"gr","it":[{"ind":0,"ty":"sh","ix":1,"ks":{"a":0,"k":{"i":[[0,0],[0,0],[0,0],[-11.868,0],[0,-11.869]],"o":[[0,0],[0,0],[0,-11.869],[11.869,0],[0,0]],"v":[[21.49,11.326],[-21.49,11.326],[-21.49,10.163],[0,-11.326],[21.49,10.163]],"c":true},"ix":2},"nm":"Path 1","mn":"ADBE Vector Shape - Group","hd":false},{"ty":"fl","c":{"a":0,"k":[0.737254901961,0.521568627451,0.172549019608,1],"ix":4},"o":{"a":0,"k":100,"ix":5},"r":1,"bm":0,"nm":"Fill 1","mn":"ADBE Vector Graphic - Fill","hd":false},{"ty":"tr","p":{"a":0,"k":[21.74,11.577],"ix":2},"a":{"a":0,"k":[0,0],"ix":1},"s":{"a":0,"k":[100,100],"ix":3},"r":{"a":0,"k":0,"ix":6},"o":{"a":0,"k":100,"ix":7},"sk":{"a":0,"k":0,"ix":4},"sa":{"a":0,"k":0,"ix":5},"nm":"Transform"}],"nm":"Group 1","np":2,"cix":2,"bm":0,"ix":1,"mn":"ADBE Vector Group","hd":false}],"ip":0,"op":300.00001221925,"st":0,"ct":1,"bm":0},{"ddd":0,"ind":5,"ty":4,"nm":"tail Outlines","parent":6,"sr":1,"ks":{"o":{"a":0,"k":100,"ix":11},"r":{"a":0,"k":0,"ix":10},"p":{"a":0,"k":[25.252,44.685,0],"ix":2,"l":2},"a":{"a":0,"k":[96.194,27.5,0],"ix":1,"l":2},"s":{"a":0,"k":[100,100,100],"ix":6,"l":2}},"ao":0,"shapes":[{"ty":"gr","it":[{"ind":0,"ty":"sh","ix":1,"ks":{"a":1,"k":[{"i":{"x":0.833,"y":0.833},"o":{"x":0.167,"y":0.167},"t":0,"s":[{"i":[[0,0],[25.041,-32.072]],"o":[[0,0],[0,0]],"v":[[34.347,-18.919],[-34.347,18.919]],"c":false}]},{"i":{"x":0.833,"y":0.833},"o":{"x":0.167,"y":0.167},"t":1,"s":[{"i":[[0,0],[31.959,-35.072]],"o":[[0,0],[0,0]],"v":[[34.347,-18.919],[-35.335,16.825]],"c":false}]},{"i":{"x":0.833,"y":0.833},"o":{"x":0.167,"y":0.167},"t":2,"s":[{"i":[[0,0],[34.804,-28.601]],"o":[[0,0],[0,0]],"v":[[34.347,-18.919],[-39.352,9.149]],"c":false}]},{"i":{"x":0.833,"y":0.833},"o":{"x":0.167,"y":0.167},"t":3,"s":[{"i":[[0,0],[38.232,-16.692]],"o":[[0,0],[0,0]],"v":[[34.347,-18.919],[-45.918,-4.922]],"c":false}]},{"i":{"x":0.833,"y":0.833},"o":{"x":0.167,"y":0.167},"t":4,"s":[{"i":[[0,0],[42.713,10.096]],"o":[[0,0],[0,0]],"v":[[34.309,-11.579],[-41.269,-33.998]],"c":false}]},{"i":{"x":0.833,"y":0.833},"o":{"x":0.167,"y":0.167},"t":5,"s":[{"i":[[0,0],[16.049,50.957]],"o":[[0,0],[0,0]],"v":[[34.152,-11.523],[-16.926,-56.47]],"c":false}]},{"i":{"x":0.833,"y":0.833},"o":{"x":0.167,"y":0.167},"t":6,"s":[{"i":[[0,0],[-32,54.172]],"o":[[0,0],[0,0]],"v":[[33.996,-11.467],[23.612,-78.181]],"c":false}]},{"i":{"x":0.833,"y":0.833},"o":{"x":0.167,"y":0.167},"t":7,"s":[{"i":[[0,0],[-32.909,47.373]],"o":[[0,0],[0,0]],"v":[[33.839,-11.411],[22.67,-77.716]],"c":false}]},{"i":{"x":0.833,"y":0.833},"o":{"x":0.167,"y":0.167},"t":8,"s":[{"i":[[0,0],[-48.409,41.913]],"o":[[0,0],[0,0]],"v":[[33.682,-11.355],[32.205,-75.895]],"c":false}]},{"i":{"x":0.833,"y":0.833},"o":{"x":0.167,"y":0.167},"t":9,"s":[{"i":[[0,0],[-39.293,40.74]],"o":[[0,0],[0,0]],"v":[[33.525,-11.299],[13.132,-55.843]],"c":false}]},{"i":{"x":0.833,"y":0.833},"o":{"x":0.167,"y":0.167},"t":10,"s":[{"i":[[0,0],[7.994,37.798]],"o":[[0,0],[0,0]],"v":[[33.369,-11.243],[-19.26,-41.333]],"c":false}]},{"i":{"x":0.833,"y":0.833},"o":{"x":0.167,"y":0.167},"t":11,"s":[{"i":[[0,0],[39.307,2.442]],"o":[[0,0],[0,0]],"v":[[33.212,-11.187],[-46.18,-32.93]],"c":false}]},{"i":{"x":0.833,"y":0.833},"o":{"x":0.167,"y":0.167},"t":12,"s":[{"i":[[0,0],[54.518,-20.648]],"o":[[0,0],[0,0]],"v":[[33.59,-13.764],[-42.235,-15.647]],"c":false}]},{"i":{"x":0.833,"y":0.833},"o":{"x":0.167,"y":0.167},"t":13,"s":[{"i":[[0,0],[44.266,-13.781]],"o":[[0,0],[0,0]],"v":[[33.969,-16.341],[-37.692,-15.361]],"c":false}]},{"t":14.0000005702317,"s":[{"i":[[0,0],[24.245,-35.266]],"o":[[0,0],[0,0]],"v":[[34.347,-18.919],[-34.347,18.919]],"c":false}]}],"ix":2},"nm":"Path 1","mn":"ADBE Vector Shape - Group","hd":false},{"ty":"st","c":{"a":0,"k":[0.737254901961,0.521568627451,0.172549019608,1],"ix":3},"o":{"a":0,"k":100,"ix":4},"w":{"a":0,"k":11,"ix":5},"lc":2,"lj":1,"ml":10,"bm":0,"nm":"Stroke 1","mn":"ADBE Vector Graphic - Stroke","hd":false},{"ty":"tr","p":{"a":0,"k":[61.847,46.419],"ix":2},"a":{"a":0,"k":[0,0],"ix":1},"s":{"a":0,"k":[100,100],"ix":3},"r":{"a":0,"k":0,"ix":6},"o":{"a":0,"k":100,"ix":7},"sk":{"a":0,"k":0,"ix":4},"sa":{"a":0,"k":0,"ix":5},"nm":"Transform"}],"nm":"Group 2","np":2,"cix":2,"bm":0,"ix":1,"mn":"ADBE Vector Group","hd":false}],"ip":0,"op":300.00001221925,"st":0,"ct":1,"bm":0},{"ddd":0,"ind":6,"ty":4,"nm":"body Outlines","sr":1,"ks":{"o":{"a":0,"k":100,"ix":11},"r":{"a":1,"k":[{"i":{"x":[0.833],"y":[0.833]},"o":{"x":[0.167],"y":[0.167]},"t":0,"s":[0]},{"i":{"x":[0.833],"y":[0.833]},"o":{"x":[0.167],"y":[0.167]},"t":1,"s":[-0.5]},{"i":{"x":[0.833],"y":[0.833]},"o":{"x":[0.167],"y":[0.167]},"t":2,"s":[-3]},{"i":{"x":[0.833],"y":[0.833]},"o":{"x":[0.167],"y":[0.167]},"t":3,"s":[-6]},{"i":{"x":[0.833],"y":[0.833]},"o":{"x":[0.167],"y":[0.167]},"t":4,"s":[-10.375]},{"i":{"x":[0.833],"y":[0.833]},"o":{"x":[0.167],"y":[0.167]},"t":5,"s":[-11.036]},{"i":{"x":[0.833],"y":[0.833]},"o":{"x":[0.167],"y":[0.167]},"t":6,"s":[-15.363]},{"i":{"x":[0.833],"y":[0.833]},"o":{"x":[0.167],"y":[0.167]},"t":7,"s":[-15.491]},{"i":{"x":[0.833],"y":[0.833]},"o":{"x":[0.167],"y":[0.167]},"t":8,"s":[-10.868]},{"i":{"x":[0.833],"y":[0.833]},"o":{"x":[0.167],"y":[0.167]},"t":11,"s":[-1]},{"t":14.0000005702317,"s":[0]}],"ix":10},"p":{"a":1,"k":[{"i":{"x":0.833,"y":0.833},"o":{"x":0.167,"y":0.167},"t":0,"s":[501.572,550.388,0],"to":[0.107,-0.536,0],"ti":[-0.239,1.56,0]},{"i":{"x":0.833,"y":0.833},"o":{"x":0.167,"y":0.167},"t":1,"s":[502.62,550.428,0],"to":[0.199,-1.299,0],"ti":[-0.31,1.865,0]},{"i":{"x":0.833,"y":0.833},"o":{"x":0.167,"y":0.167},"t":2,"s":[502.431,546.784,0],"to":[0.475,-2.857,0],"ti":[-0.171,-0.547,0]},{"i":{"x":0.833,"y":0.833},"o":{"x":0.167,"y":0.167},"t":3,"s":[503.572,540.388,0],"to":[0.084,0.268,0],"ti":[-0.078,-1.153,0]},{"i":{"x":0.833,"y":0.833},"o":{"x":0.167,"y":0.167},"t":4,"s":[503.817,532.629,0],"to":[0.055,0.811,0],"ti":[-0.046,-1.579,0]},{"i":{"x":0.833,"y":0.833},"o":{"x":0.167,"y":0.167},"t":5,"s":[504.47,528.308,0],"to":[0.038,1.292,0],"ti":[-0.004,-1.987,0]},{"i":{"x":0.833,"y":0.833},"o":{"x":0.167,"y":0.167},"t":6,"s":[502.031,524.322,0],"to":[0.004,1.816,0],"ti":[-0.136,-2.645,0]},{"i":{"x":0.833,"y":0.833},"o":{"x":0.167,"y":0.167},"t":7,"s":[502.759,525.154,0],"to":[0.122,2.372,0],"ti":[-0.14,-3.057,0]},{"i":{"x":0.833,"y":0.833},"o":{"x":0.167,"y":0.167},"t":8,"s":[501.158,521.96,0],"to":[0.146,3.196,0],"ti":[-0.373,-4.596,0]},{"i":{"x":0.833,"y":0.833},"o":{"x":0.167,"y":0.167},"t":9,"s":[501.993,522.114,0],"to":[0.376,4.641,0],"ti":[-0.374,-6.561,0]},{"i":{"x":0.833,"y":0.833},"o":{"x":0.167,"y":0.167},"t":10,"s":[504.177,535.243,0],"to":[0.531,9.324,0],"ti":[0.047,-0.237,0]},{"i":{"x":0.833,"y":0.833},"o":{"x":0.167,"y":0.167},"t":11,"s":[504.072,558.388,0],"to":[-0.15,0.75,0],"ti":[0.473,1.75,0]},{"i":{"x":0.833,"y":0.833},"o":{"x":0.167,"y":0.167},"t":12,"s":[502.012,558.114,0],"to":[-0.257,-0.949,0],"ti":[0.019,1.42,0]},{"i":{"x":0.833,"y":0.833},"o":{"x":0.167,"y":0.167},"t":13,"s":[502.666,557.262,0],"to":[-0.024,-1.782,0],"ti":[0.128,0.408,0]},{"t":14.0000005702317,"s":[501.572,550.388,0]}],"ix":2,"l":2},"a":{"a":0,"k":[103.17,73.338,0],"ix":1,"l":2},"s":{"a":0,"k":[100,100,100],"ix":6,"l":2}},"ao":0,"shapes":[{"ty":"gr","it":[{"ind":0,"ty":"sh","ix":1,"ks":{"a":1,"k":[{"i":{"x":0.833,"y":0.833},"o":{"x":0.167,"y":0.167},"t":0,"s":[{"i":[[44.431,-1.654],[28.207,10.207],[-5.072,34.749],[-34.749,-5.071],[-23.194,-2.669],[0,0],[5.072,-34.748]],"o":[[0,0],[-28.207,-10.207],[5.071,-34.749],[0,0],[23.194,2.669],[34.749,5.072],[-5.072,34.749]],"v":[[22.748,69.266],[-48.614,59.069],[-97.848,-14.282],[-25.748,-68.017],[15.234,-94.057],[44.113,-57.82],[98.848,13.281]],"c":true}]},{"i":{"x":0.833,"y":0.833},"o":{"x":0.167,"y":0.167},"t":1,"s":[{"i":[[43.221,-0.813],[24.681,8.931],[-5.072,34.749],[-34.749,-5.071],[-23.138,-3.966],[0,0],[5.221,-34.726]],"o":[[0,0],[-29.025,-9.565],[5.071,-34.749],[0,0],[23.138,3.966],[34.749,5.072],[-4.997,33.236]],"v":[[24.366,69.871],[-48.052,58.913],[-98.344,-14.786],[-25.748,-68.017],[16.03,-94.055],[44.113,-57.82],[98.21,14.902]],"c":true}]},{"i":{"x":0.833,"y":0.833},"o":{"x":0.167,"y":0.167},"t":2,"s":[{"i":[[43.221,-0.813],[24.681,8.931],[-5.072,34.749],[-34.749,-5.071],[-19.983,-3.212],[0,0],[5.221,-34.726]],"o":[[0,0],[-29.025,-9.565],[5.071,-34.749],[0,0],[19.983,3.212],[34.749,5.072],[-4.997,33.236]],"v":[[24.366,69.871],[-48.052,58.913],[-98.344,-14.786],[-25.748,-68.017],[19.185,-90.065],[44.113,-57.82],[98.21,14.902]],"c":true}]},{"i":{"x":0.833,"y":0.833},"o":{"x":0.167,"y":0.167},"t":3,"s":[{"i":[[40.8,0.868],[20.46,3.586],[-5.072,34.749],[-37.969,-5.685],[-18.453,-3.243],[0,0],[5.178,-34.732]],"o":[[0,0],[-30.66,-8.281],[5.071,-34.749],[0,0],[17.051,2.997],[34.749,5.072],[-5.018,33.668]],"v":[[24.761,69.341],[-46.927,58.6],[-98.203,-14.642],[-25.748,-68.017],[12.571,-89.769],[44.113,-57.82],[97.112,14.62]],"c":true}]},{"i":{"x":0.833,"y":0.833},"o":{"x":0.167,"y":0.167},"t":4,"s":[{"i":[[39.59,1.709],[28.939,3.044],[-5.072,34.749],[-37.325,-5.562],[-18.142,-3.182],[0,0],[5.021,-33.572]],"o":[[0,0],[-31.478,-7.639],[5.071,-34.749],[0,0],[18.142,3.182],[37.739,12.948],[-5.067,33.879]],"v":[[25.037,68.645],[-46.967,57.571],[-98.132,-14.57],[-25.748,-68.017],[10.205,-87.586],[44.113,-57.82],[98.645,15.314]],"c":true}]},{"i":{"x":0.833,"y":0.833},"o":{"x":0.167,"y":0.167},"t":5,"s":[{"i":[[38.38,2.55],[42.308,0.631],[-5.072,34.749],[-36.681,-5.439],[-14.057,-1.074],[0,0],[4.495,-28.15]],"o":[[0,0],[-33.47,-5.233],[5.071,-34.749],[0,0],[16.059,1.227],[33,6.066],[-5.409,33.876]],"v":[[26.232,65.885],[-46.254,57.633],[-99.383,-14.247],[-25.748,-68.017],[8.499,-93.038],[44.113,-57.82],[100.457,15.193]],"c":true}]},{"i":{"x":0.833,"y":0.833},"o":{"x":0.167,"y":0.167},"t":6,"s":[{"i":[[37.169,3.39],[33.605,-1.159],[-5.072,34.749],[-36.037,-5.317],[-19.074,-1.2],[0,0],[1.755,-32.321]],"o":[[0,0],[-33.896,-5.179],[5.071,-34.749],[0,0],[19.074,1.2],[33.583,5.735],[-1.787,32.907]],"v":[[27.058,65.83],[-46.108,55.984],[-97.052,-14.277],[-25.748,-68.017],[7.983,-88.473],[44.113,-57.82],[102.56,20.113]],"c":true}]},{"i":{"x":0.833,"y":0.833},"o":{"x":0.167,"y":0.167},"t":7,"s":[{"i":[[38.911,6.276],[26.829,-2.201],[-5.072,34.749],[-35.393,-5.194],[-17.02,-0.827],[0,0],[2.999,-29.225]],"o":[[0,0],[-34.322,-5.125],[5.071,-34.749],[0,0],[17.02,0.827],[34.166,5.403],[-3.471,33.824]],"v":[[26.696,64.929],[-45.5,55.496],[-96.849,-16.448],[-25.748,-68.017],[7.801,-83.869],[44.113,-57.82],[101.034,17.946]],"c":true}]},{"i":{"x":0.833,"y":0.833},"o":{"x":0.167,"y":0.167},"t":8,"s":[{"i":[[39.643,8.22],[39.63,0.048],[-5.072,34.749],[-34.749,-5.071],[-17.402,-2.829],[0,0],[4.217,-26.975]],"o":[[0,0],[-31.036,-0.037],[5.071,-34.749],[0,0],[17.402,2.829],[34.749,5.072],[-5.424,34.696]],"v":[[27.719,63.049],[-44.361,54.462],[-97.169,-15.17],[-25.748,-68.017],[8.376,-84.901],[44.113,-57.82],[103.411,17.131]],"c":true}]},{"i":{"x":0.833,"y":0.833},"o":{"x":0.167,"y":0.167},"t":9,"s":[{"i":[[39.643,8.22],[41.759,0.639],[-5.292,34.716],[-34.749,-5.071],[-17.488,-2.311],[0,0],[3.847,-27.03]],"o":[[0,0],[-30.407,-0.465],[4.581,-30.05],[0,0],[17.488,2.311],[34.749,5.072],[-4.022,28.26]],"v":[[28.793,60.669],[-43.619,50.778],[-99.234,-16.706],[-25.748,-68.017],[15.254,-85.332],[44.113,-57.82],[103.411,17.131]],"c":true}]},{"i":{"x":0.833,"y":0.833},"o":{"x":0.167,"y":0.167},"t":10,"s":[{"i":[[35.257,4.107],[39.63,0.047],[-4.822,34.785],[-34.749,-5.071],[-13.671,-2.316],[0,0],[5.761,-37.766]],"o":[[0,0],[-31.036,-0.037],[5.143,-37.102],[0,0],[13.671,2.316],[34.749,5.072],[-5.296,34.716]],"v":[[27.308,68.533],[-45.352,57.647],[-98.085,-12.982],[-25.748,-68.017],[14.965,-85.65],[44.113,-57.82],[97.827,14.706]],"c":true}]},{"i":{"x":0.833,"y":0.833},"o":{"x":0.167,"y":0.167},"t":11,"s":[{"i":[[35.257,4.107],[38.184,5.099],[-4.822,34.785],[-34.749,-5.071],[-15.245,-1.63],[0,0],[5.761,-37.766]],"o":[[0,0],[-30.763,-4.108],[5.143,-37.102],[0,0],[15.245,1.63],[34.749,5.072],[-5.296,34.716]],"v":[[26.041,69.511],[-46.619,58.625],[-98.085,-12.982],[-25.748,-68.017],[13.143,-85.036],[44.113,-57.82],[97.827,14.706]],"c":true}]},{"i":{"x":0.833,"y":0.833},"o":{"x":0.167,"y":0.167},"t":12,"s":[{"i":[[36.118,2.103],[40.579,8.195],[-4.822,34.785],[-34.749,-5.071],[-18.014,-2.111],[0,0],[6.028,-37.725]],"o":[[0,0],[-30.422,-6.144],[5.143,-37.102],[0,0],[16.388,1.921],[34.749,5.072],[-4.318,27.021]],"v":[[28.59,65.291],[-46.593,56.375],[-99.829,-13.503],[-25.748,-68.017],[13.527,-86.061],[44.113,-57.82],[100.303,16.735]],"c":true}]},{"i":{"x":0.833,"y":0.833},"o":{"x":0.167,"y":0.167},"t":13,"s":[{"i":[[36.118,2.103],[40.548,8.829],[-4.063,34.881],[-34.749,-5.071],[-15.93,-2.001],[0,0],[5.143,-35.634]],"o":[[0,0],[-30.326,-6.603],[4.463,-38.315],[0,0],[15.93,2.001],[34.749,5.072],[-3.908,27.083]],"v":[[28.585,66.166],[-46.47,56.751],[-99.842,-11.253],[-25.748,-68.017],[15.888,-85.079],[44.113,-57.82],[100.303,16.735]],"c":true}]},{"t":14.0000005702317,"s":[{"i":[[44.431,-1.654],[28.207,10.207],[-5.072,34.749],[-34.749,-5.071],[-23.194,-2.669],[0,0],[5.072,-34.748]],"o":[[0,0],[-28.207,-10.207],[5.071,-34.749],[0,0],[23.194,2.669],[34.749,5.072],[-5.072,34.749]],"v":[[22.748,69.266],[-48.614,59.069],[-97.848,-14.282],[-25.748,-68.017],[15.234,-94.057],[44.113,-57.82],[98.848,13.281]],"c":true}]}],"ix":2},"nm":"Path 1","mn":"ADBE Vector Shape - Group","hd":false},{"ty":"fl","c":{"a":0,"k":[0.737254901961,0.521568627451,0.172549019608,1],"ix":4},"o":{"a":0,"k":100,"ix":5},"r":1,"bm":0,"nm":"Fill 1","mn":"ADBE Vector Graphic - Fill","hd":false},{"ty":"tr","p":{"a":0,"k":[103.17,73.338],"ix":2},"a":{"a":0,"k":[0,0],"ix":1},"s":{"a":0,"k":[100,100],"ix":3},"r":{"a":0,"k":0,"ix":6},"o":{"a":0,"k":100,"ix":7},"sk":{"a":0,"k":0,"ix":4},"sa":{"a":0,"k":0,"ix":5},"nm":"Transform"}],"nm":"Group 1","np":2,"cix":2,"bm":0,"ix":1,"mn":"ADBE Vector Group","hd":false}],"ip":0,"op":300.00001221925,"st":0,"ct":1,"bm":0},{"ddd":0,"ind":7,"ty":4,"nm":"front left back Outlines","parent":6,"sr":1,"ks":{"o":{"a":0,"k":100,"ix":11},"r":{"a":0,"k":0,"ix":10},"p":{"a":0,"k":[161.17,115.032,0],"ix":2,"l":2},"a":{"a":0,"k":[116.6,45,0],"ix":1,"l":2},"s":{"a":0,"k":[100,100,100],"ix":6,"l":2}},"ao":0,"shapes":[{"ty":"gr","it":[{"ind":0,"ty":"sh","ix":1,"ks":{"a":1,"k":[{"i":{"x":0.833,"y":0.833},"o":{"x":0.167,"y":0.167},"t":0,"s":[{"i":[[0,0],[-0.627,-5.888],[0,0]],"o":[[0,0],[1.191,11.186],[0,0]],"v":[[12.555,-54.776],[37.897,12.968],[29.319,89.363]],"c":false}]},{"i":{"x":0.833,"y":0.833},"o":{"x":0.167,"y":0.167},"t":1,"s":[{"i":[[0,0],[-0.627,-5.888],[0,0]],"o":[[0,0],[1.191,11.186],[0,0]],"v":[[9.805,-55.026],[35.397,14.468],[28.569,85.113]],"c":false}]},{"i":{"x":0.833,"y":0.833},"o":{"x":0.167,"y":0.167},"t":2,"s":[{"i":[[0,0],[6.342,-18.026],[0,0]],"o":[[0,0],[-3.733,10.611],[0,0]],"v":[[18.651,-61.457],[47.261,15.094],[11.704,72.621]],"c":false}]},{"i":{"x":0.833,"y":0.833},"o":{"x":0.167,"y":0.167},"t":3,"s":[{"i":[[0,0],[6.342,-18.026],[0,0]],"o":[[0,0],[-3.733,10.611],[0,0]],"v":[[22.014,-62.36],[55.897,14.242],[2.24,50.259]],"c":false}]},{"i":{"x":0.833,"y":0.833},"o":{"x":0.167,"y":0.167},"t":4,"s":[{"i":[[0,0],[4.904,-16.431],[0,0]],"o":[[0,0],[-1.943,6.509],[0,0]],"v":[[13.061,-55.104],[64.116,22.101],[2.302,54.083]],"c":false}]},{"i":{"x":0.833,"y":0.833},"o":{"x":0.167,"y":0.167},"t":5,"s":[{"i":[[0,0],[5.157,-16.353],[0,0]],"o":[[0,0],[-1.454,4.612],[0,0]],"v":[[5.664,-53.745],[77.827,18.407],[11.621,54.627]],"c":false}]},{"i":{"x":0.833,"y":0.833},"o":{"x":0.167,"y":0.167},"t":6,"s":[{"i":[[0,0],[5.157,-16.353],[0,0]],"o":[[0,0],[-1.454,4.612],[0,0]],"v":[[-0.729,-47.464],[84.775,19.538],[12.995,58.116]],"c":false}]},{"i":{"x":0.833,"y":0.833},"o":{"x":0.167,"y":0.167},"t":7,"s":[{"i":[[0,0],[5.157,-16.353],[0,0]],"o":[[0,0],[-1.454,4.612],[0,0]],"v":[[0.087,-48.535],[85.858,17.504],[11.683,57.233]],"c":false}]},{"i":{"x":0.833,"y":0.833},"o":{"x":0.167,"y":0.167},"t":8,"s":[{"i":[[0,0],[0.473,-12.686],[0,0]],"o":[[0,0],[-0.18,4.832],[0,0]],"v":[[-1.131,-47.496],[85.475,-0.389],[67.001,71.418]],"c":false}]},{"i":{"x":0.833,"y":0.833},"o":{"x":0.167,"y":0.167},"t":9,"s":[{"i":[[0,0],[-7.414,-10.305],[0,0]],"o":[[0,0],[5.674,7.886],[0,0]],"v":[[2.982,-49.975],[78.604,5.758],[116.729,76.773]],"c":false}]},{"i":{"x":0.833,"y":0.833},"o":{"x":0.167,"y":0.167},"t":10,"s":[{"i":[[0,0],[-7.414,-10.305],[0,0]],"o":[[0,0],[5.674,7.886],[0,0]],"v":[[2.982,-49.975],[85.304,-0.007],[128.908,68.16]],"c":false}]},{"i":{"x":0.833,"y":0.833},"o":{"x":0.167,"y":0.167},"t":11,"s":[{"i":[[0,0],[-7.414,-10.305],[0,0]],"o":[[0,0],[5.674,7.886],[0,0]],"v":[[7.971,-63.64],[92.078,-15.641],[141.562,45.127]],"c":false}]},{"i":{"x":0.833,"y":0.833},"o":{"x":0.167,"y":0.167},"t":12,"s":[{"i":[[0,0],[-7.414,-10.305],[0,0]],"o":[[0,0],[5.674,7.886],[0,0]],"v":[[9.742,-65.37],[83.985,-7.735],[130.152,58.745]],"c":false}]},{"i":{"x":0.833,"y":0.833},"o":{"x":0.167,"y":0.167},"t":13,"s":[{"i":[[0,0],[-7.414,-10.305],[0,0]],"o":[[0,0],[5.674,7.886],[0,0]],"v":[[9.742,-65.37],[83.985,-7.735],[130.152,58.745]],"c":false}]},{"t":14.0000005702317,"s":[{"i":[[0,0],[-0.627,-5.888],[0,0]],"o":[[0,0],[1.191,11.186],[0,0]],"v":[[12.555,-54.776],[37.897,12.968],[29.319,89.363]],"c":false}]}],"ix":2},"nm":"Path 1","mn":"ADBE Vector Shape - Group","hd":false},{"ty":"st","c":{"a":0,"k":[0.674509803922,0.478431402468,0.164705882353,1],"ix":3},"o":{"a":0,"k":100,"ix":4},"w":{"a":0,"k":18,"ix":5},"lc":2,"lj":2,"bm":0,"nm":"Stroke 1","mn":"ADBE Vector Graphic - Stroke","hd":false},{"ty":"tr","p":{"a":0,"k":[80.8,99.299],"ix":2},"a":{"a":0,"k":[0,0],"ix":1},"s":{"a":0,"k":[100,100],"ix":3},"r":{"a":0,"k":0,"ix":6},"o":{"a":0,"k":100,"ix":7},"sk":{"a":0,"k":0,"ix":4},"sa":{"a":0,"k":0,"ix":5},"nm":"Transform"}],"nm":"Group 1","np":2,"cix":2,"bm":0,"ix":1,"mn":"ADBE Vector Group","hd":false}],"ip":0,"op":300.00001221925,"st":0,"ct":1,"bm":0},{"ddd":0,"ind":8,"ty":4,"nm":"Layer 17 Outlines","parent":7,"sr":1,"ks":{"o":{"a":0,"k":100,"ix":11},"r":{"a":1,"k":[{"i":{"x":[0.833],"y":[0.833]},"o":{"x":[0.167],"y":[0.167]},"t":0,"s":[-109]},{"i":{"x":[0.833],"y":[0.833]},"o":{"x":[0.167],"y":[0.167]},"t":1,"s":[-109]},{"i":{"x":[0.833],"y":[0.833]},"o":{"x":[0.167],"y":[0.167]},"t":2,"s":[-11]},{"i":{"x":[0.833],"y":[0.833]},"o":{"x":[0.167],"y":[0.167]},"t":3,"s":[94]},{"i":{"x":[0.833],"y":[0.833]},"o":{"x":[0.167],"y":[0.167]},"t":4,"s":[78]},{"i":{"x":[0.833],"y":[0.833]},"o":{"x":[0.167],"y":[0.167]},"t":5,"s":[57]},{"i":{"x":[0.833],"y":[0.833]},"o":{"x":[0.167],"y":[0.167]},"t":6,"s":[39]},{"i":{"x":[0.833],"y":[0.833]},"o":{"x":[0.167],"y":[0.167]},"t":7,"s":[39]},{"i":{"x":[0.833],"y":[0.833]},"o":{"x":[0.167],"y":[0.167]},"t":8,"s":[-27]},{"i":{"x":[0.833],"y":[0.833]},"o":{"x":[0.167],"y":[0.167]},"t":9,"s":[-92]},{"i":{"x":[0.833],"y":[0.833]},"o":{"x":[0.167],"y":[0.167]},"t":10,"s":[-116]},{"i":{"x":[0.833],"y":[0.833]},"o":{"x":[0.167],"y":[0.167]},"t":11,"s":[-140]},{"i":{"x":[0.833],"y":[0.833]},"o":{"x":[0.167],"y":[0.167]},"t":13,"s":[-140]},{"t":14.0000005702317,"s":[-109]}],"ix":10},"p":{"a":1,"k":[{"i":{"x":0.833,"y":0.833},"o":{"x":0.167,"y":0.167},"t":0,"s":[119.043,193.959,0],"to":[-0.445,0.131,0],"ti":[0.168,-0.05,0]},{"i":{"x":0.833,"y":0.833},"o":{"x":0.167,"y":0.167},"t":1,"s":[116.793,194.209,0],"to":[-0.445,0.131,0],"ti":[-0.186,0.1,0]},{"i":{"x":0.833,"y":0.833},"o":{"x":0.167,"y":0.167},"t":2,"s":[89.935,180.56,0],"to":[0.12,-0.065,0],"ti":[0.075,0.142,0]},{"i":{"x":0.833,"y":0.833},"o":{"x":0.167,"y":0.167},"t":3,"s":[71.597,146.959,0],"to":[-0.116,-0.217,0],"ti":[-0.015,0.057,0]},{"i":{"x":0.833,"y":0.833},"o":{"x":0.167,"y":0.167},"t":4,"s":[69.912,153.386,0],"to":[0.039,-0.146,0],"ti":[0.14,-0.014,0]},{"i":{"x":0.833,"y":0.833},"o":{"x":0.167,"y":0.167},"t":5,"s":[79.144,156.332,0],"to":[-0.17,0.017,0],"ti":[0.073,0.04,0]},{"i":{"x":0.833,"y":0.833},"o":{"x":0.167,"y":0.167},"t":6,"s":[81.851,162.521,0],"to":[-0.036,-0.019,0],"ti":[0.025,-0.005,0]},{"i":{"x":0.833,"y":0.833},"o":{"x":0.167,"y":0.167},"t":7,"s":[81.087,161.531,0],"to":[-0.314,0.059,0],"ti":[0.227,-0.228,0]},{"i":{"x":0.833,"y":0.833},"o":{"x":0.167,"y":0.167},"t":8,"s":[146.223,183.582,0],"to":[-0.1,0.1,0],"ti":[0.298,0.558,0]},{"i":{"x":0.833,"y":0.833},"o":{"x":0.167,"y":0.167},"t":9,"s":[207.778,183.449,0],"to":[-0.242,-0.454,0],"ti":[-3.984,6.908,0]},{"i":{"x":0.833,"y":0.833},"o":{"x":0.167,"y":0.167},"t":10,"s":[219.732,167.8,0],"to":[3.984,-6.908,0],"ti":[-0.215,1.986,0]},{"i":{"x":0.833,"y":0.833},"o":{"x":0.167,"y":0.167},"t":11,"s":[231.684,142.004,0],"to":[0.215,-1.986,0],"ti":[1.777,-2.313,0]},{"i":{"x":0.833,"y":0.833},"o":{"x":0.167,"y":0.167},"t":12,"s":[221.022,155.881,0],"to":[0,0,0],"ti":[0,0,0]},{"i":{"x":0.833,"y":0.833},"o":{"x":0.167,"y":0.167},"t":13,"s":[221.022,155.881,0],"to":[-16.996,6.346,0],"ti":[0.168,-0.05,0]},{"t":14.0000005702317,"s":[119.043,193.959,0]}],"ix":2,"l":2},"a":{"a":0,"k":[16.883,22.635,0],"ix":1,"l":2},"s":{"a":0,"k":[100,100,100],"ix":6,"l":2}},"ao":0,"shapes":[{"ty":"gr","it":[{"ind":0,"ty":"sh","ix":1,"ks":{"a":0,"k":{"i":[[0,0],[0,0],[0,0],[4.332,-11.05],[11.05,4.331]],"o":[[0,0],[0,0],[11.05,4.332],[-4.332,11.05],[0,0]],"v":[[-16.633,17.629],[-0.946,-22.385],[0.137,-21.961],[12.301,5.891],[-15.55,18.055]],"c":true},"ix":2},"nm":"Path 1","mn":"ADBE Vector Shape - Group","hd":false},{"ty":"fl","c":{"a":0,"k":[0.674509803922,0.478431402468,0.164705882353,1],"ix":4},"o":{"a":0,"k":100,"ix":5},"r":1,"bm":0,"nm":"Fill 1","mn":"ADBE Vector Graphic - Fill","hd":false},{"ty":"tr","p":{"a":0,"k":[16.883,22.636],"ix":2},"a":{"a":0,"k":[0,0],"ix":1},"s":{"a":0,"k":[100,100],"ix":3},"r":{"a":0,"k":0,"ix":6},"o":{"a":0,"k":100,"ix":7},"sk":{"a":0,"k":0,"ix":4},"sa":{"a":0,"k":0,"ix":5},"nm":"Transform"}],"nm":"Group 1","np":2,"cix":2,"bm":0,"ix":1,"mn":"ADBE Vector Group","hd":false}],"ip":0,"op":300.00001221925,"st":0,"ct":1,"bm":0},{"ddd":0,"ind":9,"ty":4,"nm":"back left leg Outlines","parent":6,"sr":1,"ks":{"o":{"a":0,"k":100,"ix":11},"r":{"a":0,"k":0,"ix":10},"p":{"a":0,"k":[42.15,93.297,0],"ix":2,"l":2},"a":{"a":0,"k":[145.418,57.5,0],"ix":1,"l":2},"s":{"a":0,"k":[100,100,100],"ix":6,"l":2}},"ao":0,"shapes":[{"ty":"gr","it":[{"ind":0,"ty":"sh","ix":1,"ks":{"a":1,"k":[{"i":{"x":0.833,"y":0.833},"o":{"x":0.167,"y":0.167},"t":0,"s":[{"i":[[0,0],[5.602,-12.418],[0,0]],"o":[[0,0],[-5.602,12.418],[0,0]],"v":[[51.459,-58.388],[-16.49,-20.153],[-43.959,62.388]],"c":false}]},{"i":{"x":0.833,"y":0.833},"o":{"x":0.167,"y":0.167},"t":1,"s":[{"i":[[0,0],[5.602,-12.418],[0,0]],"o":[[0,0],[-5.602,12.418],[0,0]],"v":[[51.459,-58.388],[-17.986,-20.666],[-46.209,62.368]],"c":false}]},{"i":{"x":0.833,"y":0.833},"o":{"x":0.167,"y":0.167},"t":2,"s":[{"i":[[0,0],[5.602,-12.418],[0,0]],"o":[[0,0],[-5.602,12.418],[0,0]],"v":[[51.459,-58.388],[-9.104,-22.954],[-1.942,58.43]],"c":false}]},{"i":{"x":0.833,"y":0.833},"o":{"x":0.167,"y":0.167},"t":3,"s":[{"i":[[0,0],[4.908,-12.708],[0,0]],"o":[[0,0],[-4.243,10.986],[0,0]],"v":[[58.094,-56.937],[1.406,-10.538],[38.232,63.658]],"c":false}]},{"i":{"x":0.833,"y":0.833},"o":{"x":0.167,"y":0.167},"t":4,"s":[{"i":[[0,0],[4.908,-12.708],[0,0]],"o":[[0,0],[-4.243,10.986],[0,0]],"v":[[58.094,-56.937],[-6.252,-2.028],[18.694,77.363]],"c":false}]},{"i":{"x":0.833,"y":0.833},"o":{"x":0.167,"y":0.167},"t":5,"s":[{"i":[[0,0],[4.908,-12.708],[0,0]],"o":[[0,0],[-4.243,10.987],[0,0]],"v":[[58.405,-53.31],[-8.357,8.769],[10.544,95.641]],"c":false}]},{"i":{"x":0.833,"y":0.833},"o":{"x":0.167,"y":0.167},"t":6,"s":[{"i":[[0,0],[8.192,-11.448],[0,0]],"o":[[0,0],[-6.854,9.578],[0,0]],"v":[[58.405,-53.31],[-14.082,9.789],[-8.474,99.749]],"c":false}]},{"i":{"x":0.833,"y":0.833},"o":{"x":0.167,"y":0.167},"t":7,"s":[{"i":[[0,0],[8.192,-11.448],[0,0]],"o":[[0,0],[-6.854,9.578],[0,0]],"v":[[58.405,-53.31],[-14.082,9.789],[-9.263,99.79]],"c":false}]},{"i":{"x":0.833,"y":0.833},"o":{"x":0.167,"y":0.167},"t":8,"s":[{"i":[[0,0],[8.192,-11.448],[0,0]],"o":[[0,0],[-6.854,9.578],[0,0]],"v":[[64.136,-53.991],[-7.159,17.482],[-18.628,106.138]],"c":false}]},{"i":{"x":0.833,"y":0.833},"o":{"x":0.167,"y":0.167},"t":9,"s":[{"i":[[0,0],[8.192,-11.448],[0,0]],"o":[[0,0],[-6.854,9.578],[0,0]],"v":[[63.558,-55.329],[-2.78,20.587],[-36.619,106.771]],"c":false}]},{"i":{"x":0.833,"y":0.833},"o":{"x":0.167,"y":0.167},"t":10,"s":[{"i":[[0,0],[8.192,-11.448],[0,0]],"o":[[0,0],[-6.854,9.578],[0,0]],"v":[[67.254,-47.782],[-19.9,1.503],[-57.884,76.095]],"c":false}]},{"i":{"x":0.833,"y":0.833},"o":{"x":0.167,"y":0.167},"t":11,"s":[{"i":[[0,0],[11.141,-8.605],[0,0]],"o":[[0,0],[-10.568,8.163],[0,0]],"v":[[68.197,-44.515],[-26.45,-24.366],[-79.634,32.958]],"c":false}]},{"i":{"x":0.833,"y":0.833},"o":{"x":0.167,"y":0.167},"t":12,"s":[{"i":[[0,0],[11.141,-8.605],[0,0]],"o":[[0,0],[-10.568,8.163],[0,0]],"v":[[62.043,-52.837],[-23.392,-29.33],[-66.647,34.11]],"c":false}]},{"i":{"x":0.833,"y":0.833},"o":{"x":0.167,"y":0.167},"t":13,"s":[{"i":[[0,0],[11.141,-8.605],[0,0]],"o":[[0,0],[-10.568,8.163],[0,0]],"v":[[62.043,-52.837],[-23.392,-29.33],[-66.647,34.11]],"c":false}]},{"t":14.0000005702317,"s":[{"i":[[0,0],[5.602,-12.418],[0,0]],"o":[[0,0],[-5.602,12.418],[0,0]],"v":[[51.459,-58.388],[-16.49,-20.153],[-43.959,62.388]],"c":false}]}],"ix":2},"nm":"Path 1","mn":"ADBE Vector Shape - Group","hd":false},{"ty":"st","c":{"a":0,"k":[0.674509803922,0.479522854674,0.163998457965,1],"ix":3},"o":{"a":0,"k":100,"ix":4},"w":{"a":0,"k":23,"ix":5},"lc":2,"lj":2,"bm":0,"nm":"Stroke 1","mn":"ADBE Vector Graphic - Stroke","hd":false},{"ty":"tr","p":{"a":0,"k":[101.459,119.888],"ix":2},"a":{"a":0,"k":[0,0],"ix":1},"s":{"a":0,"k":[100,100],"ix":3},"r":{"a":0,"k":0,"ix":6},"o":{"a":0,"k":100,"ix":7},"sk":{"a":0,"k":0,"ix":4},"sa":{"a":0,"k":0,"ix":5},"nm":"Transform"}],"nm":"Group 1","np":2,"cix":2,"bm":0,"ix":1,"mn":"ADBE Vector Group","hd":false}],"ip":0,"op":300.00001221925,"st":0,"ct":1,"bm":0},{"ddd":0,"ind":10,"ty":4,"nm":"Layer 18 Outlines","parent":9,"sr":1,"ks":{"o":{"a":0,"k":100,"ix":11},"r":{"a":1,"k":[{"i":{"x":[0.833],"y":[0.833]},"o":{"x":[0.167],"y":[0.167]},"t":0,"s":[0]},{"i":{"x":[0.833],"y":[0.833]},"o":{"x":[0.167],"y":[0.167]},"t":2,"s":[-19]},{"i":{"x":[0.833],"y":[0.833]},"o":{"x":[0.167],"y":[0.167]},"t":3,"s":[-33]},{"i":{"x":[0.833],"y":[0.833]},"o":{"x":[0.167],"y":[0.167]},"t":4,"s":[-51]},{"i":{"x":[0.833],"y":[0.833]},"o":{"x":[0.167],"y":[0.167]},"t":5,"s":[-79]},{"i":{"x":[0.833],"y":[0.833]},"o":{"x":[0.167],"y":[0.167]},"t":6,"s":[-101]},{"i":{"x":[0.833],"y":[0.833]},"o":{"x":[0.167],"y":[0.167]},"t":8,"s":[-96]},{"i":{"x":[0.833],"y":[0.833]},"o":{"x":[0.167],"y":[0.167]},"t":9,"s":[-91]},{"i":{"x":[0.833],"y":[0.833]},"o":{"x":[0.167],"y":[0.167]},"t":10,"s":[-32]},{"i":{"x":[0.833],"y":[0.833]},"o":{"x":[0.167],"y":[0.167]},"t":11,"s":[34]},{"i":{"x":[0.833],"y":[0.833]},"o":{"x":[0.167],"y":[0.167]},"t":12,"s":[23]},{"i":{"x":[0.833],"y":[0.833]},"o":{"x":[0.167],"y":[0.167]},"t":13,"s":[23]},{"t":14.0000005702317,"s":[0]}],"ix":10},"p":{"a":1,"k":[{"i":{"x":0.833,"y":0.833},"o":{"x":0.167,"y":0.167},"t":0,"s":[46.912,188.246,0],"to":[-0.332,-0.128,0],"ti":[-0.072,0.03,0]},{"i":{"x":0.833,"y":0.833},"o":{"x":0.167,"y":0.167},"t":1,"s":[44.919,187.478,0],"to":[0.165,-0.069,0],"ti":[0.003,0.166,0]},{"i":{"x":0.833,"y":0.833},"o":{"x":0.167,"y":0.167},"t":2,"s":[90.192,188.224,0],"to":[-0.003,-0.182,0],"ti":[0.338,0.131,0]},{"i":{"x":0.833,"y":0.833},"o":{"x":0.167,"y":0.167},"t":3,"s":[133.853,194.95,0],"to":[-0.235,-0.091,0],"ti":[-0.304,-0.18,0]},{"i":{"x":0.833,"y":0.833},"o":{"x":0.167,"y":0.167},"t":4,"s":[118.807,210.494,0],"to":[0.271,0.16,0],"ti":[0,0,0]},{"i":{"x":0.833,"y":0.833},"o":{"x":0.167,"y":0.167},"t":5,"s":[113.144,225.818,0],"to":[0,0,0],"ti":[0,0,0]},{"i":{"x":0.833,"y":0.833},"o":{"x":0.167,"y":0.167},"t":6,"s":[97.014,233.572,0],"to":[0,0,0],"ti":[0,0,0]},{"i":{"x":0.833,"y":0.833},"o":{"x":0.167,"y":0.167},"t":7,"s":[95.728,231.659,0],"to":[0,0,0],"ti":[0,0,0]},{"i":{"x":0.833,"y":0.833},"o":{"x":0.167,"y":0.167},"t":8,"s":[84.502,235.104,0],"to":[0,0,0],"ti":[0,0,0]},{"i":{"x":0.833,"y":0.833},"o":{"x":0.167,"y":0.167},"t":9,"s":[66.18,234.432,0],"to":[0,0,0],"ti":[0,0,0]},{"i":{"x":0.833,"y":0.833},"o":{"x":0.167,"y":0.167},"t":10,"s":[36.361,202.487,0],"to":[0,0,0],"ti":[0,0,0]},{"i":{"x":0.833,"y":0.833},"o":{"x":0.167,"y":0.167},"t":11,"s":[9.056,151.691,0],"to":[0,0,0],"ti":[0,0,0]},{"i":{"x":0.833,"y":0.833},"o":{"x":0.167,"y":0.167},"t":12,"s":[19.494,157.062,0],"to":[0,0,0],"ti":[0,0,0]},{"i":{"x":0.833,"y":0.833},"o":{"x":0.167,"y":0.167},"t":13,"s":[19.483,159.062,0],"to":[0,0,0],"ti":[-4.572,-4.864,0]},{"t":14.0000005702317,"s":[46.912,188.246,0]}],"ix":2,"l":2},"a":{"a":0,"k":[19.032,21.65,0],"ix":1,"l":2},"s":{"a":0,"k":[100,100,100],"ix":6,"l":2}},"ao":0,"shapes":[{"ty":"gr","it":[{"ind":0,"ty":"sh","ix":1,"ks":{"a":0,"k":{"i":[[0,0],[0,0],[0,0],[6.724,-9.781],[9.78,6.723]],"o":[[0,0],[0,0],[9.781,6.723],[-6.723,9.78],[0,0]],"v":[[-18.782,14.018],[5.566,-21.4],[6.524,-20.741],[12.058,9.142],[-17.824,14.677]],"c":true},"ix":2},"nm":"Path 1","mn":"ADBE Vector Shape - Group","hd":false},{"ty":"fl","c":{"a":0,"k":[0.674509803922,0.478431372549,0.164705882353,1],"ix":4},"o":{"a":0,"k":100,"ix":5},"r":1,"bm":0,"nm":"Fill 1","mn":"ADBE Vector Graphic - Fill","hd":false},{"ty":"tr","p":{"a":0,"k":[19.032,21.65],"ix":2},"a":{"a":0,"k":[0,0],"ix":1},"s":{"a":0,"k":[100,100],"ix":3},"r":{"a":0,"k":0,"ix":6},"o":{"a":0,"k":100,"ix":7},"sk":{"a":0,"k":0,"ix":4},"sa":{"a":0,"k":0,"ix":5},"nm":"Transform"}],"nm":"Group 1","np":2,"cix":2,"bm":0,"ix":1,"mn":"ADBE Vector Group","hd":false}],"ip":0,"op":300.00001221925,"st":0,"ct":1,"bm":0},{"ddd":0,"ind":11,"ty":4,"nm":"eye Outlines","parent":13,"sr":1,"ks":{"o":{"a":0,"k":100,"ix":11},"r":{"a":0,"k":0,"ix":10},"p":{"a":1,"k":[{"i":{"x":0.833,"y":0.833},"o":{"x":0.167,"y":0.167},"t":0,"s":[128.156,126.189,0],"to":[0.104,0.097,0],"ti":[0.09,0.007,0]},{"i":{"x":0.833,"y":0.833},"o":{"x":0.167,"y":0.167},"t":1,"s":[127.098,128.013,0],"to":[-0.051,-0.004,0],"ti":[0,0,0]},{"i":{"x":0.833,"y":0.833},"o":{"x":0.167,"y":0.167},"t":2,"s":[126.226,163.767,0],"to":[0,0,0],"ti":[0,0,0]},{"i":{"x":0.833,"y":0.833},"o":{"x":0.167,"y":0.167},"t":3,"s":[120.894,204.935,0],"to":[0,0,0],"ti":[0,0,0]},{"i":{"x":0.833,"y":0.833},"o":{"x":0.167,"y":0.167},"t":4,"s":[118.21,214.737,0],"to":[0,0,0],"ti":[0,0,0]},{"i":{"x":0.833,"y":0.833},"o":{"x":0.167,"y":0.167},"t":5,"s":[117.604,206.086,0],"to":[0,0,0],"ti":[0,0,0]},{"i":{"x":0.833,"y":0.833},"o":{"x":0.167,"y":0.167},"t":6,"s":[126.754,214.304,0],"to":[0,0,0],"ti":[0,0,0]},{"i":{"x":0.833,"y":0.833},"o":{"x":0.167,"y":0.167},"t":7,"s":[126.406,213.688,0],"to":[0,0,0],"ti":[0,0,0]},{"i":{"x":0.833,"y":0.833},"o":{"x":0.167,"y":0.167},"t":8,"s":[137.35,183.205,0],"to":[0,0,0],"ti":[0,0,0]},{"i":{"x":0.833,"y":0.833},"o":{"x":0.167,"y":0.167},"t":9,"s":[143.288,149.948,0],"to":[0,0,0],"ti":[0,0,0]},{"i":{"x":0.833,"y":0.833},"o":{"x":0.167,"y":0.167},"t":10,"s":[141.032,113.176,0],"to":[0,0,0],"ti":[0,0,0]},{"i":{"x":0.833,"y":0.833},"o":{"x":0.167,"y":0.167},"t":11,"s":[141.273,70.22,0],"to":[0,0,0],"ti":[0,0,0]},{"i":{"x":0.833,"y":0.833},"o":{"x":0.167,"y":0.167},"t":12,"s":[138.951,76.443,0],"to":[0,0,0],"ti":[0,0,0]},{"i":{"x":0.833,"y":0.833},"o":{"x":0.167,"y":0.167},"t":13,"s":[137.702,76.186,0],"to":[0,0,0],"ti":[0.018,0.056,0]},{"t":14.0000005702317,"s":[128.156,126.189,0]}],"ix":2,"l":2},"a":{"a":0,"k":[18.495,18.495,0],"ix":1,"l":2},"s":{"a":0,"k":[100,100,100],"ix":6,"l":2}},"ao":0,"shapes":[{"ty":"gr","it":[{"ind":0,"ty":"sh","ix":1,"ks":{"a":0,"k":{"i":[[0,-4.531],[4.531,0],[0,4.531],[-4.531,0]],"o":[[0,4.531],[-4.531,0],[0,-4.531],[4.531,0]],"v":[[8.204,0],[0,8.204],[-8.204,0],[0,-8.204]],"c":true},"ix":2},"nm":"Path 1","mn":"ADBE Vector Shape - Group","hd":false},{"ty":"fl","c":{"a":0,"k":[0.256889014151,0.248765549005,0.250532067991,1],"ix":4},"o":{"a":0,"k":100,"ix":5},"r":1,"bm":0,"nm":"Fill 1","mn":"ADBE Vector Graphic - Fill","hd":false},{"ty":"tr","p":{"a":0,"k":[21.556,15.801],"ix":2},"a":{"a":0,"k":[0,0],"ix":1},"s":{"a":0,"k":[100,100],"ix":3},"r":{"a":0,"k":0,"ix":6},"o":{"a":0,"k":100,"ix":7},"sk":{"a":0,"k":0,"ix":4},"sa":{"a":0,"k":0,"ix":5},"nm":"Transform"}],"nm":"Group 1","np":2,"cix":2,"bm":0,"ix":1,"mn":"ADBE Vector Group","hd":false},{"ty":"gr","it":[{"ind":0,"ty":"sh","ix":1,"ks":{"a":0,"k":{"i":[[0,-10.076],[10.076,0],[0,10.076],[-10.076,0]],"o":[[0,10.076],[-10.076,0],[0,-10.076],[10.076,0]],"v":[[18.245,0],[0,18.245],[-18.245,0],[0,-18.245]],"c":true},"ix":2},"nm":"Path 1","mn":"ADBE Vector Shape - Group","hd":false},{"ty":"fl","c":{"a":0,"k":[1,0.999998743394,1,1],"ix":4},"o":{"a":0,"k":100,"ix":5},"r":1,"bm":0,"nm":"Fill 1","mn":"ADBE Vector Graphic - Fill","hd":false},{"ty":"tr","p":{"a":0,"k":[18.495,18.495],"ix":2},"a":{"a":0,"k":[0,0],"ix":1},"s":{"a":0,"k":[100,100],"ix":3},"r":{"a":0,"k":0,"ix":6},"o":{"a":0,"k":100,"ix":7},"sk":{"a":0,"k":0,"ix":4},"sa":{"a":0,"k":0,"ix":5},"nm":"Transform"}],"nm":"Group 2","np":2,"cix":2,"bm":0,"ix":2,"mn":"ADBE Vector Group","hd":false}],"ip":0,"op":300.00001221925,"st":0,"ct":1,"bm":0},{"ddd":0,"ind":12,"ty":4,"nm":"right ear Outlines","parent":13,"sr":1,"ks":{"o":{"a":0,"k":100,"ix":11},"r":{"a":0,"k":0,"ix":10},"p":{"a":0,"k":[123.48,143.072,0],"ix":2,"l":2},"a":{"a":0,"k":[95.013,70.204,0],"ix":1,"l":2},"s":{"a":0,"k":[100,100,100],"ix":6,"l":2}},"ao":0,"shapes":[{"ty":"gr","it":[{"ind":0,"ty":"sh","ix":1,"ks":{"a":1,"k":[{"i":{"x":0.833,"y":0.833},"o":{"x":0.167,"y":0.167},"t":0,"s":[{"i":[[0,0],[-21.878,-21.082]],"o":[[0,0],[0,0]],"v":[[-20.882,-3.612],[20.132,11.227]],"c":false}]},{"i":{"x":0.833,"y":0.833},"o":{"x":0.167,"y":0.167},"t":1,"s":[{"i":[[0,0],[-19.462,-17.602]],"o":[[0,0],[0,0]],"v":[[-21.221,-2.251],[14.098,10.128]],"c":false}]},{"i":{"x":0.833,"y":0.833},"o":{"x":0.167,"y":0.167},"t":2,"s":[{"i":[[0,0],[-24.418,-9.34]],"o":[[0,0],[0,0]],"v":[[-17.508,15.696],[18.398,36.357]],"c":false}]},{"i":{"x":0.833,"y":0.833},"o":{"x":0.167,"y":0.167},"t":3,"s":[{"i":[[0,0],[-27.58,-7.147]],"o":[[0,0],[0,0]],"v":[[-7.139,33.516],[10.584,67.651]],"c":false}]},{"i":{"x":0.833,"y":0.833},"o":{"x":0.167,"y":0.167},"t":4,"s":[{"i":[[0,0],[-22.196,-10.43]],"o":[[0,0],[0,0]],"v":[[-12.148,42.893],[3.954,72.452]],"c":false}]},{"i":{"x":0.833,"y":0.833},"o":{"x":0.167,"y":0.167},"t":5,"s":[{"i":[[0,0],[-21.291,-8.045]],"o":[[0,0],[0,0]],"v":[[-19.139,38.34],[5.281,63.193]],"c":false}]},{"i":{"x":0.833,"y":0.833},"o":{"x":0.167,"y":0.167},"t":6,"s":[{"i":[[0,0],[-7.902,-16.627]],"o":[[0,0],[0,0]],"v":[[-10.836,45.078],[10.315,72.032]],"c":false}]},{"i":{"x":0.833,"y":0.833},"o":{"x":0.167,"y":0.167},"t":7,"s":[{"i":[[0,0],[-10.884,-17.728]],"o":[[0,0],[0,0]],"v":[[-11.411,44.448],[11.975,72.315]],"c":false}]},{"i":{"x":0.833,"y":0.833},"o":{"x":0.167,"y":0.167},"t":8,"s":[{"i":[[0,0],[-15.025,-15.365]],"o":[[0,0],[0,0]],"v":[[-8.287,24.249],[22.525,42.69]],"c":false}]},{"i":{"x":0.833,"y":0.833},"o":{"x":0.167,"y":0.167},"t":9,"s":[{"i":[[0,0],[-20.949,-19.501]],"o":[[0,0],[0,0]],"v":[[-5.406,1.438],[29.231,18.756]],"c":false}]},{"i":{"x":0.833,"y":0.833},"o":{"x":0.167,"y":0.167},"t":10,"s":[{"i":[[0,0],[-17.974,-19.195]],"o":[[0,0],[0,0]],"v":[[-4.086,-26.675],[32.287,-2.112]],"c":false}]},{"i":{"x":0.833,"y":0.833},"o":{"x":0.167,"y":0.167},"t":11,"s":[{"i":[[0,0],[-15.428,-4.77]],"o":[[0,0],[0,0]],"v":[[3.925,-71.956],[27.186,-45.83]],"c":false}]},{"i":{"x":0.833,"y":0.833},"o":{"x":0.167,"y":0.167},"t":12,"s":[{"i":[[0,0],[-18.731,-9.318]],"o":[[0,0],[0,0]],"v":[[8.207,-68.023],[25.808,-32.059]],"c":false}]},{"i":{"x":0.833,"y":0.833},"o":{"x":0.167,"y":0.167},"t":13,"s":[{"i":[[0,0],[-22.167,-11.551]],"o":[[0,0],[0,0]],"v":[[6.912,-68.361],[26.155,-32.092]],"c":false}]},{"t":14.0000005702317,"s":[{"i":[[0,0],[-22.507,-20.204]],"o":[[0,0],[0,0]],"v":[[-22.507,-4.362],[22.507,10.102]],"c":false}]}],"ix":2},"nm":"Path 1","mn":"ADBE Vector Shape - Group","hd":false},{"ty":"st","c":{"a":0,"k":[0.737254901961,0.521568627451,0.172549019608,1],"ix":3},"o":{"a":0,"k":100,"ix":4},"w":{"a":0,"k":20,"ix":5},"lc":2,"lj":1,"ml":10,"bm":0,"nm":"Stroke 1","mn":"ADBE Vector Graphic - Stroke","hd":false},{"ty":"tr","p":{"a":0,"k":[72.507,60.102],"ix":2},"a":{"a":0,"k":[0,0],"ix":1},"s":{"a":0,"k":[100,100],"ix":3},"r":{"a":0,"k":0,"ix":6},"o":{"a":0,"k":100,"ix":7},"sk":{"a":0,"k":0,"ix":4},"sa":{"a":0,"k":0,"ix":5},"nm":"Transform"}],"nm":"Group 1","np":2,"cix":2,"bm":0,"ix":1,"mn":"ADBE Vector Group","hd":false}],"ip":0,"op":300.00001221925,"st":0,"ct":1,"bm":0},{"ddd":0,"ind":13,"ty":4,"nm":"head Outlines","parent":16,"sr":1,"ks":{"o":{"a":0,"k":100,"ix":11},"r":{"a":0,"k":0,"ix":10},"p":{"a":0,"k":[243.571,105.607,0],"ix":2,"l":2},"a":{"a":0,"k":[122.521,148.291,0],"ix":1,"l":2},"s":{"a":0,"k":[100,100,100],"ix":6,"l":2}},"ao":0,"shapes":[{"ty":"gr","it":[{"ind":0,"ty":"sh","ix":1,"ks":{"a":1,"k":[{"i":{"x":0.833,"y":0.833},"o":{"x":0.167,"y":0.167},"t":0,"s":[{"i":[[0,-3.246],[3.247,0],[0,3.246],[-3.246,0]],"o":[[0,3.246],[-3.246,0],[0,-3.246],[3.247,0]],"v":[[6.628,2],[0.749,7.878],[-5.128,2],[0.749,-3.878]],"c":true}]},{"i":{"x":0.833,"y":0.833},"o":{"x":0.167,"y":0.167},"t":1,"s":[{"i":[[0,-3.246],[3.247,0],[0,3.246],[-3.246,0]],"o":[[0,3.246],[-3.246,0],[0,-3.246],[3.247,0]],"v":[[6.598,2.815],[0.72,8.693],[-5.157,2.815],[0.72,-3.063]],"c":true}]},{"i":{"x":0.833,"y":0.833},"o":{"x":0.167,"y":0.167},"t":2,"s":[{"i":[[0,-3.246],[3.247,0],[0,3.246],[-3.246,0]],"o":[[0,3.246],[-3.246,0],[0,-3.246],[3.247,0]],"v":[[2.086,36.009],[-3.792,41.887],[-9.669,36.009],[-3.792,30.131]],"c":true}]},{"i":{"x":0.833,"y":0.833},"o":{"x":0.167,"y":0.167},"t":3,"s":[{"i":[[0,-3.246],[3.247,0],[0,3.246],[-3.246,0]],"o":[[0,3.246],[-3.246,0],[0,-3.246],[3.247,0]],"v":[[-6.921,84.401],[-12.799,90.279],[-18.676,84.401],[-12.799,78.523]],"c":true}]},{"i":{"x":0.833,"y":0.833},"o":{"x":0.167,"y":0.167},"t":4,"s":[{"i":[[0,-3.246],[3.247,0],[0,3.246],[-3.246,0]],"o":[[0,3.246],[-3.246,0],[0,-3.246],[3.247,0]],"v":[[-11.009,93.719],[-16.887,99.597],[-22.764,93.719],[-16.887,87.841]],"c":true}]},{"i":{"x":0.833,"y":0.833},"o":{"x":0.167,"y":0.167},"t":5,"s":[{"i":[[0,-3.246],[3.247,0],[0,3.246],[-3.246,0]],"o":[[0,3.246],[-3.246,0],[0,-3.246],[3.247,0]],"v":[[-10.785,83.938],[-16.663,89.816],[-22.54,83.938],[-16.663,78.06]],"c":true}]},{"i":{"x":0.833,"y":0.833},"o":{"x":0.167,"y":0.167},"t":6,"s":[{"i":[[0,-3.246],[3.247,0],[0,3.246],[-3.246,0]],"o":[[0,3.246],[-3.246,0],[0,-3.246],[3.247,0]],"v":[[-3.799,91.199],[-9.677,97.077],[-15.554,91.199],[-9.677,85.321]],"c":true}]},{"i":{"x":0.833,"y":0.833},"o":{"x":0.167,"y":0.167},"t":7,"s":[{"i":[[0,-3.246],[3.247,0],[0,3.246],[-3.246,0]],"o":[[0,3.246],[-3.246,0],[0,-3.246],[3.247,0]],"v":[[-4.586,90.689],[-10.464,96.567],[-16.341,90.689],[-10.464,84.811]],"c":true}]},{"i":{"x":0.833,"y":0.833},"o":{"x":0.167,"y":0.167},"t":8,"s":[{"i":[[0,-3.246],[3.247,0],[0,3.246],[-3.246,0]],"o":[[0,3.246],[-3.246,0],[0,-3.246],[3.247,0]],"v":[[7.902,45.117],[2.024,50.995],[-3.853,45.117],[2.024,39.239]],"c":true}]},{"i":{"x":0.833,"y":0.833},"o":{"x":0.167,"y":0.167},"t":9,"s":[{"i":[[0,-3.246],[3.247,0],[0,3.246],[-3.246,0]],"o":[[0,3.246],[-3.246,0],[0,-3.246],[3.247,0]],"v":[[12.772,4.679],[6.894,10.557],[1.017,4.679],[6.894,-1.199]],"c":true}]},{"i":{"x":0.833,"y":0.833},"o":{"x":0.167,"y":0.167},"t":10,"s":[{"i":[[0,-3.246],[3.247,0],[0,3.246],[-3.246,0]],"o":[[0,3.246],[-3.246,0],[0,-3.246],[3.247,0]],"v":[[3.924,-37.685],[-1.954,-31.807],[-7.831,-37.685],[-1.954,-43.563]],"c":true}]},{"i":{"x":0.833,"y":0.833},"o":{"x":0.167,"y":0.167},"t":11,"s":[{"i":[[0,-3.246],[3.247,0],[0,3.246],[-3.246,0]],"o":[[0,3.246],[-3.246,0],[0,-3.246],[3.247,0]],"v":[[5.174,-80.523],[-0.704,-74.645],[-6.581,-80.523],[-0.704,-86.401]],"c":true}]},{"i":{"x":0.833,"y":0.833},"o":{"x":0.167,"y":0.167},"t":12,"s":[{"i":[[0,-3.246],[3.247,0],[0,3.246],[-3.246,0]],"o":[[0,3.246],[-3.246,0],[0,-3.246],[3.247,0]],"v":[[6.304,-66.173],[0.426,-60.295],[-5.451,-66.173],[0.426,-72.051]],"c":true}]},{"i":{"x":0.833,"y":0.833},"o":{"x":0.167,"y":0.167},"t":13,"s":[{"i":[[0,-3.246],[3.247,0],[0,3.246],[-3.246,0]],"o":[[0,3.246],[-3.246,0],[0,-3.246],[3.247,0]],"v":[[6.037,-66.837],[0.159,-60.959],[-5.718,-66.837],[0.159,-72.715]],"c":true}]},{"t":14.0000005702317,"s":[{"i":[[0,-3.246],[3.247,0],[0,3.246],[-3.246,0]],"o":[[0,3.246],[-3.246,0],[0,-3.246],[3.247,0]],"v":[[6.628,2],[0.749,7.878],[-5.128,2],[0.749,-3.878]],"c":true}]}],"ix":2},"nm":"Path 1","mn":"ADBE Vector Shape - Group","hd":false},{"ty":"fl","c":{"a":0,"k":[0.674509803922,0.478431372549,0.164705882353,1],"ix":4},"o":{"a":0,"k":100,"ix":5},"r":1,"bm":0,"nm":"Fill 1","mn":"ADBE Vector Graphic - Fill","hd":false},{"ty":"tr","p":{"a":0,"k":[206.684,143.378],"ix":2},"a":{"a":0,"k":[0,0],"ix":1},"s":{"a":0,"k":[100,100],"ix":3},"r":{"a":0,"k":0,"ix":6},"o":{"a":0,"k":100,"ix":7},"sk":{"a":0,"k":0,"ix":4},"sa":{"a":0,"k":0,"ix":5},"nm":"Transform"}],"nm":"Group 1","np":2,"cix":2,"bm":0,"ix":1,"mn":"ADBE Vector Group","hd":false},{"ty":"gr","it":[{"ind":0,"ty":"sh","ix":1,"ks":{"a":1,"k":[{"i":{"x":0.833,"y":0.833},"o":{"x":0.167,"y":0.167},"t":0,"s":[{"i":[[0,0],[-37.347,-26.082]],"o":[[0,0],[0,0]],"v":[[-34.77,13.791],[35.02,14.041]],"c":false}]},{"i":{"x":0.833,"y":0.833},"o":{"x":0.167,"y":0.167},"t":1,"s":[{"i":[[0,0],[-39.994,-26.514]],"o":[[0,0],[0,0]],"v":[[-35.602,16.342],[34.089,15.957]],"c":false}]},{"i":{"x":0.833,"y":0.833},"o":{"x":0.167,"y":0.167},"t":2,"s":[{"i":[[0,0],[-38.787,-28.631]],"o":[[0,0],[0,0]],"v":[[-39.276,43.913],[29.33,47.92]],"c":false}]},{"i":{"x":0.833,"y":0.833},"o":{"x":0.167,"y":0.167},"t":3,"s":[{"i":[[0,0],[-29.583,-36.502]],"o":[[0,0],[0,0]],"v":[[-49.361,77.218],[19.688,93.961]],"c":false}]},{"i":{"x":0.833,"y":0.833},"o":{"x":0.167,"y":0.167},"t":4,"s":[{"i":[[0,0],[-32.409,-37.059]],"o":[[0,0],[0,0]],"v":[[-50.057,84.091],[16.589,102.732]],"c":false}]},{"i":{"x":0.833,"y":0.833},"o":{"x":0.167,"y":0.167},"t":5,"s":[{"i":[[0,0],[-31.491,-35.367]],"o":[[0,0],[0,0]],"v":[[-51.261,75.242],[16.025,92.328]],"c":false}]},{"i":{"x":0.833,"y":0.833},"o":{"x":0.167,"y":0.167},"t":6,"s":[{"i":[[0,0],[-32.312,-33.273]],"o":[[0,0],[0,0]],"v":[[-43.525,81.087],[23.638,100.412]],"c":false}]},{"i":{"x":0.833,"y":0.833},"o":{"x":0.167,"y":0.167},"t":7,"s":[{"i":[[0,0],[-31.41,-33.921]],"o":[[0,0],[0,0]],"v":[[-43.806,80.364],[22.666,99.921]],"c":false}]},{"i":{"x":0.833,"y":0.833},"o":{"x":0.167,"y":0.167},"t":8,"s":[{"i":[[0,0],[-35.208,-21.603]],"o":[[0,0],[0,0]],"v":[[-31.897,54.058],[35.926,58.966]],"c":false}]},{"i":{"x":0.833,"y":0.833},"o":{"x":0.167,"y":0.167},"t":9,"s":[{"i":[[0,0],[-42.092,-10.927]],"o":[[0,0],[0,0]],"v":[[-25.415,27.836],[43.425,21.524]],"c":false}]},{"i":{"x":0.833,"y":0.833},"o":{"x":0.167,"y":0.167},"t":10,"s":[{"i":[[0,0],[-42.354,0.667]],"o":[[0,0],[0,0]],"v":[[-24.957,0.675],[40.974,-17.721]],"c":false}]},{"i":{"x":0.833,"y":0.833},"o":{"x":0.167,"y":0.167},"t":11,"s":[{"i":[[0,0],[-38.675,5.723]],"o":[[0,0],[0,0]],"v":[[-27.041,-35.579],[40.888,-58.574]],"c":false}]},{"i":{"x":0.833,"y":0.833},"o":{"x":0.167,"y":0.167},"t":12,"s":[{"i":[[0,0],[-38.23,-2.287]],"o":[[0,0],[0,0]],"v":[[-27.864,-26.851],[40.057,-45.44]],"c":false}]},{"i":{"x":0.833,"y":0.833},"o":{"x":0.167,"y":0.167},"t":13,"s":[{"i":[[0,0],[-43.655,1.631]],"o":[[0,0],[0,0]],"v":[[-28.318,-28.137],[38.716,-46.693]],"c":false}]},{"t":14.0000005702317,"s":[{"i":[[0,0],[-37.347,-26.082]],"o":[[0,0],[0,0]],"v":[[-34.77,13.791],[35.02,14.041]],"c":false}]}],"ix":2},"nm":"Path 1","mn":"ADBE Vector Shape - Group","hd":false},{"ty":"st","c":{"a":0,"k":[0.737254901961,0.521568627451,0.172549019608,1],"ix":3},"o":{"a":0,"k":100,"ix":4},"w":{"a":0,"k":49,"ix":5},"lc":2,"lj":1,"ml":10,"bm":0,"nm":"Stroke 1","mn":"ADBE Vector Graphic - Stroke","hd":false},{"ty":"tr","p":{"a":0,"k":[157.52,135.541],"ix":2},"a":{"a":0,"k":[0,0],"ix":1},"s":{"a":0,"k":[100,100],"ix":3},"r":{"a":0,"k":0,"ix":6},"o":{"a":0,"k":100,"ix":7},"sk":{"a":0,"k":0,"ix":4},"sa":{"a":0,"k":0,"ix":5},"nm":"Transform"}],"nm":"Group 2","np":2,"cix":2,"bm":0,"ix":2,"mn":"ADBE Vector Group","hd":false}],"ip":0,"op":300.00001221925,"st":0,"ct":1,"bm":0},{"ddd":0,"ind":14,"ty":4,"nm":"eye Outlines 2","parent":13,"sr":1,"ks":{"o":{"a":0,"k":100,"ix":11},"r":{"a":0,"k":0,"ix":10},"p":{"a":1,"k":[{"i":{"x":0.833,"y":0.833},"o":{"x":0.167,"y":0.167},"t":0,"s":[148.656,111.189,0],"to":[0.104,0.097,0],"ti":[0.09,0.007,0]},{"i":{"x":0.833,"y":0.833},"o":{"x":0.167,"y":0.167},"t":1,"s":[147.598,113.013,0],"to":[-0.051,-0.004,0],"ti":[0,0,0]},{"i":{"x":0.833,"y":0.833},"o":{"x":0.167,"y":0.167},"t":2,"s":[146.726,148.767,0],"to":[0,0,0],"ti":[0,0,0]},{"i":{"x":0.833,"y":0.833},"o":{"x":0.167,"y":0.167},"t":3,"s":[141.394,189.935,0],"to":[0,0,0],"ti":[0,0,0]},{"i":{"x":0.833,"y":0.833},"o":{"x":0.167,"y":0.167},"t":4,"s":[138.71,199.737,0],"to":[0,0,0],"ti":[0,0,0]},{"i":{"x":0.833,"y":0.833},"o":{"x":0.167,"y":0.167},"t":5,"s":[138.104,191.086,0],"to":[0,0,0],"ti":[0,0,0]},{"i":{"x":0.833,"y":0.833},"o":{"x":0.167,"y":0.167},"t":6,"s":[147.254,199.304,0],"to":[0,0,0],"ti":[0,0,0]},{"i":{"x":0.833,"y":0.833},"o":{"x":0.167,"y":0.167},"t":7,"s":[146.906,198.688,0],"to":[0,0,0],"ti":[0,0,0]},{"i":{"x":0.833,"y":0.833},"o":{"x":0.167,"y":0.167},"t":8,"s":[157.85,168.205,0],"to":[0,0,0],"ti":[0,0,0]},{"i":{"x":0.833,"y":0.833},"o":{"x":0.167,"y":0.167},"t":9,"s":[163.788,134.948,0],"to":[0,0,0],"ti":[0,0,0]},{"i":{"x":0.833,"y":0.833},"o":{"x":0.167,"y":0.167},"t":10,"s":[161.532,98.176,0],"to":[0,0,0],"ti":[0,0,0]},{"i":{"x":0.833,"y":0.833},"o":{"x":0.167,"y":0.167},"t":11,"s":[161.773,55.22,0],"to":[0,0,0],"ti":[0,0,0]},{"i":{"x":0.833,"y":0.833},"o":{"x":0.167,"y":0.167},"t":12,"s":[159.451,61.443,0],"to":[0,0,0],"ti":[0,0,0]},{"i":{"x":0.833,"y":0.833},"o":{"x":0.167,"y":0.167},"t":13,"s":[158.202,61.186,0],"to":[0,0,0],"ti":[0.018,0.056,0]},{"t":14.0000005702317,"s":[148.656,111.189,0]}],"ix":2,"l":2},"a":{"a":0,"k":[18.495,18.495,0],"ix":1,"l":2},"s":{"a":0,"k":[100,100,100],"ix":6,"l":2}},"ao":0,"shapes":[{"ty":"gr","it":[{"ind":0,"ty":"sh","ix":1,"ks":{"a":0,"k":{"i":[[0,-4.531],[4.531,0],[0,4.531],[-4.531,0]],"o":[[0,4.531],[-4.531,0],[0,-4.531],[4.531,0]],"v":[[8.204,0],[0,8.204],[-8.204,0],[0,-8.204]],"c":true},"ix":2},"nm":"Path 1","mn":"ADBE Vector Shape - Group","hd":false},{"ty":"fl","c":{"a":0,"k":[0.256889014151,0.248765549005,0.250532067991,1],"ix":4},"o":{"a":0,"k":100,"ix":5},"r":1,"bm":0,"nm":"Fill 1","mn":"ADBE Vector Graphic - Fill","hd":false},{"ty":"tr","p":{"a":0,"k":[21.556,15.801],"ix":2},"a":{"a":0,"k":[0,0],"ix":1},"s":{"a":0,"k":[100,100],"ix":3},"r":{"a":0,"k":0,"ix":6},"o":{"a":0,"k":100,"ix":7},"sk":{"a":0,"k":0,"ix":4},"sa":{"a":0,"k":0,"ix":5},"nm":"Transform"}],"nm":"Group 1","np":2,"cix":2,"bm":0,"ix":1,"mn":"ADBE Vector Group","hd":false},{"ty":"gr","it":[{"ind":0,"ty":"sh","ix":1,"ks":{"a":0,"k":{"i":[[0,-10.076],[10.076,0],[0,10.076],[-10.076,0]],"o":[[0,10.076],[-10.076,0],[0,-10.076],[10.076,0]],"v":[[18.245,0],[0,18.245],[-18.245,0],[0,-18.245]],"c":true},"ix":2},"nm":"Path 1","mn":"ADBE Vector Shape - Group","hd":false},{"ty":"fl","c":{"a":0,"k":[1,0.999998743394,1,1],"ix":4},"o":{"a":0,"k":100,"ix":5},"r":1,"bm":0,"nm":"Fill 1","mn":"ADBE Vector Graphic - Fill","hd":false},{"ty":"tr","p":{"a":0,"k":[18.495,18.495],"ix":2},"a":{"a":0,"k":[0,0],"ix":1},"s":{"a":0,"k":[100,100],"ix":3},"r":{"a":0,"k":0,"ix":6},"o":{"a":0,"k":100,"ix":7},"sk":{"a":0,"k":0,"ix":4},"sa":{"a":0,"k":0,"ix":5},"nm":"Transform"}],"nm":"Group 2","np":2,"cix":2,"bm":0,"ix":2,"mn":"ADBE Vector Group","hd":false}],"ip":0,"op":300.00001221925,"st":0,"ct":1,"bm":0},{"ddd":0,"ind":15,"ty":4,"nm":"left ear\\ Outlines","parent":13,"sr":1,"ks":{"o":{"a":0,"k":100,"ix":11},"r":{"a":0,"k":0,"ix":10},"p":{"a":0,"k":[138.982,129.847,0],"ix":2,"l":2},"a":{"a":0,"k":[95.013,70.204,0],"ix":1,"l":2},"s":{"a":0,"k":[100,100,100],"ix":6,"l":2}},"ao":0,"shapes":[{"ty":"gr","it":[{"ind":0,"ty":"sh","ix":1,"ks":{"a":1,"k":[{"i":{"x":0.833,"y":0.833},"o":{"x":0.167,"y":0.167},"t":0,"s":[{"i":[[0,0],[-22.507,-20.204]],"o":[[0,0],[0,0]],"v":[[-20.507,-2.862],[22.507,11.102]],"c":false}]},{"i":{"x":0.833,"y":0.833},"o":{"x":0.167,"y":0.167},"t":1,"s":[{"i":[[0,0],[-20.582,-20.057]],"o":[[0,0],[0,0]],"v":[[-21.203,-1.617],[17.203,12.567]],"c":false}]},{"i":{"x":0.833,"y":0.833},"o":{"x":0.167,"y":0.167},"t":2,"s":[{"i":[[0,0],[-20.275,-24.267]],"o":[[0,0],[0,0]],"v":[[-21.777,23.694],[20.653,45.825]],"c":false}]},{"i":{"x":0.833,"y":0.833},"o":{"x":0.167,"y":0.167},"t":3,"s":[{"i":[[0,0],[-19.185,-16.281]],"o":[[0,0],[0,0]],"v":[[-14.63,46.899],[15.081,78.163]],"c":false}]},{"i":{"x":0.833,"y":0.833},"o":{"x":0.167,"y":0.167},"t":4,"s":[{"i":[[0,0],[-20.542,-12.982]],"o":[[0,0],[0,0]],"v":[[-5.677,46.174],[7.089,80.126]],"c":false}]},{"i":{"x":0.833,"y":0.833},"o":{"x":0.167,"y":0.167},"t":5,"s":[{"i":[[0,0],[-22.394,-13.584]],"o":[[0,0],[0,0]],"v":[[-10.917,40.268],[7.53,72.34]],"c":false}]},{"i":{"x":0.833,"y":0.833},"o":{"x":0.167,"y":0.167},"t":6,"s":[{"i":[[0,0],[-20.633,-13.559]],"o":[[0,0],[0,0]],"v":[[-1.491,49.551],[22.555,80.868]],"c":false}]},{"i":{"x":0.833,"y":0.833},"o":{"x":0.167,"y":0.167},"t":7,"s":[{"i":[[0,0],[-19.485,-14.328]],"o":[[0,0],[0,0]],"v":[[-1.894,49.085],[22.393,82.112]],"c":false}]},{"i":{"x":0.833,"y":0.833},"o":{"x":0.167,"y":0.167},"t":8,"s":[{"i":[[0,0],[-14.417,-19.463]],"o":[[0,0],[0,0]],"v":[[-1.44,27.149],[24.344,51.489]],"c":false}]},{"i":{"x":0.833,"y":0.833},"o":{"x":0.167,"y":0.167},"t":9,"s":[{"i":[[0,0],[-15.615,-20.067]],"o":[[0,0],[0,0]],"v":[[0.101,3.957],[35.719,28.111]],"c":false}]},{"i":{"x":0.833,"y":0.833},"o":{"x":0.167,"y":0.167},"t":10,"s":[{"i":[[0,0],[-15.254,-18.737]],"o":[[0,0],[0,0]],"v":[[-5.855,-20.858],[35.337,-0.788]],"c":false}]},{"i":{"x":0.833,"y":0.833},"o":{"x":0.167,"y":0.167},"t":11,"s":[{"i":[[0,0],[-14.893,-17.407]],"o":[[0,0],[0,0]],"v":[[-0.307,-62.262],[31.365,-38.373]],"c":false}]},{"i":{"x":0.833,"y":0.833},"o":{"x":0.167,"y":0.167},"t":12,"s":[{"i":[[0,0],[-19.856,-14.991]],"o":[[0,0],[0,0]],"v":[[4.106,-59.076],[20.083,-26.187]],"c":false}]},{"i":{"x":0.833,"y":0.833},"o":{"x":0.167,"y":0.167},"t":13,"s":[{"i":[[0,0],[-20.459,-17.804]],"o":[[0,0],[0,0]],"v":[[2.96,-59.274],[18.991,-20.306]],"c":false}]},{"t":14.0000005702317,"s":[{"i":[[0,0],[-22.507,-20.204]],"o":[[0,0],[0,0]],"v":[[-22.507,-4.362],[22.507,10.102]],"c":false}]}],"ix":2},"nm":"Path 1","mn":"ADBE Vector Shape - Group","hd":false},{"ty":"st","c":{"a":0,"k":[0.674509803922,0.478431372549,0.164705882353,1],"ix":3},"o":{"a":0,"k":100,"ix":4},"w":{"a":0,"k":20,"ix":5},"lc":2,"lj":1,"ml":10,"bm":0,"nm":"Stroke 1","mn":"ADBE Vector Graphic - Stroke","hd":false},{"ty":"tr","p":{"a":0,"k":[72.506,60.102],"ix":2},"a":{"a":0,"k":[0,0],"ix":1},"s":{"a":0,"k":[100,100],"ix":3},"r":{"a":0,"k":0,"ix":6},"o":{"a":0,"k":100,"ix":7},"sk":{"a":0,"k":0,"ix":4},"sa":{"a":0,"k":0,"ix":5},"nm":"Transform"}],"nm":"Group 1","np":2,"cix":2,"bm":0,"ix":1,"mn":"ADBE Vector Group","hd":false}],"ip":0,"op":300.00001221925,"st":0,"ct":1,"bm":0},{"ddd":0,"ind":16,"ty":4,"nm":"neck Outlines","parent":6,"sr":1,"ks":{"o":{"a":0,"k":100,"ix":11},"r":{"a":0,"k":0,"ix":10},"p":{"a":0,"k":[159.007,76.317,0],"ix":2,"l":2},"a":{"a":0,"k":[95.061,148.673,0],"ix":1,"l":2},"s":{"a":0,"k":[100,100,100],"ix":6,"l":2}},"ao":0,"shapes":[{"ty":"gr","it":[{"ind":0,"ty":"sh","ix":1,"ks":{"a":1,"k":[{"i":{"x":0.833,"y":0.833},"o":{"x":0.167,"y":0.167},"t":0,"s":[{"i":[[0,0],[114.961,61.714]],"o":[[0,0],[0,0]],"v":[[72.561,-57.674],[-72.561,-4.04]],"c":false}]},{"i":{"x":0.833,"y":0.833},"o":{"x":0.167,"y":0.167},"t":1,"s":[{"i":[[0,0],[108.309,61.466]],"o":[[0,0],[0,0]],"v":[[72.305,-50.537],[-72.336,-2.437]],"c":false}]},{"i":{"x":0.833,"y":0.833},"o":{"x":0.167,"y":0.167},"t":2,"s":[{"i":[[0,0],[89.216,93.582]],"o":[[0,0],[0,0]],"v":[[70.428,-23.783],[-68.68,-6.925]],"c":false}]},{"i":{"x":0.833,"y":0.833},"o":{"x":0.167,"y":0.167},"t":3,"s":[{"i":[[0,0],[65.214,108.58]],"o":[[0,0],[0,0]],"v":[[60.22,11.639],[-70.455,-5.478]],"c":false}]},{"i":{"x":0.833,"y":0.833},"o":{"x":0.167,"y":0.167},"t":4,"s":[{"i":[[0,0],[52.972,113.816]],"o":[[0,0],[0,0]],"v":[[56.096,20.629],[-69.758,-4.433]],"c":false}]},{"i":{"x":0.833,"y":0.833},"o":{"x":0.167,"y":0.167},"t":5,"s":[{"i":[[0,0],[61.055,103.108]],"o":[[0,0],[0,0]],"v":[[57.974,10.297],[-69.061,-3.388]],"c":false}]},{"i":{"x":0.833,"y":0.833},"o":{"x":0.167,"y":0.167},"t":6,"s":[{"i":[[0,0],[60.56,103.851]],"o":[[0,0],[0,0]],"v":[[67.534,15.305],[-65.773,-4.223]],"c":false}]},{"i":{"x":0.833,"y":0.833},"o":{"x":0.167,"y":0.167},"t":7,"s":[{"i":[[0,0],[59.488,96.73]],"o":[[0,0],[0,0]],"v":[[66.551,17.252],[-65.594,-2.802]],"c":false}]},{"i":{"x":0.833,"y":0.833},"o":{"x":0.167,"y":0.167},"t":8,"s":[{"i":[[0,0],[93.769,77.729]],"o":[[0,0],[0,0]],"v":[[75.828,-10.239],[-65.415,-1.381]],"c":false}]},{"i":{"x":0.833,"y":0.833},"o":{"x":0.167,"y":0.167},"t":9,"s":[{"i":[[0,0],[94.647,69.843]],"o":[[0,0],[0,0]],"v":[[82.071,-32.218],[-62.265,-10.914]],"c":false}]},{"i":{"x":0.833,"y":0.833},"o":{"x":0.167,"y":0.167},"t":10,"s":[{"i":[[0,0],[104.17,35.286]],"o":[[0,0],[0,0]],"v":[[81.33,-61.624],[-64.693,0.914]],"c":false}]},{"i":{"x":0.833,"y":0.833},"o":{"x":0.167,"y":0.167},"t":11,"s":[{"i":[[0,0],[97.162,-5.196]],"o":[[0,0],[0,0]],"v":[[82.375,-98.134],[-64.877,2.882]],"c":false}]},{"i":{"x":0.833,"y":0.833},"o":{"x":0.167,"y":0.167},"t":12,"s":[{"i":[[0,0],[89.633,11.085]],"o":[[0,0],[0,0]],"v":[[79.118,-85.897],[-66.209,2.339]],"c":false}]},{"i":{"x":0.833,"y":0.833},"o":{"x":0.167,"y":0.167},"t":13,"s":[{"i":[[0,0],[90.011,15.227]],"o":[[0,0],[0,0]],"v":[[77.167,-85.028],[-69.398,1.399]],"c":false}]},{"t":14.0000005702317,"s":[{"i":[[0,0],[114.961,61.714]],"o":[[0,0],[0,0]],"v":[[72.561,-57.674],[-72.561,-4.04]],"c":false}]}],"ix":2},"nm":"Path 1","mn":"ADBE Vector Shape - Group","hd":false},{"ty":"st","c":{"a":0,"k":[0.737254901961,0.521568627451,0.172549019608,1],"ix":3},"o":{"a":0,"k":100,"ix":4},"w":{"a":0,"k":38,"ix":5},"lc":2,"lj":1,"ml":10,"bm":0,"nm":"Stroke 1","mn":"ADBE Vector Graphic - Stroke","hd":false},{"ty":"tr","p":{"a":0,"k":[167.561,152.673],"ix":2},"a":{"a":0,"k":[0,0],"ix":1},"s":{"a":0,"k":[100,100],"ix":3},"r":{"a":0,"k":0,"ix":6},"o":{"a":0,"k":100,"ix":7},"sk":{"a":0,"k":0,"ix":4},"sa":{"a":0,"k":0,"ix":5},"nm":"Transform"}],"nm":"Group 1","np":2,"cix":2,"bm":0,"ix":1,"mn":"ADBE Vector Group","hd":false}],"ip":0,"op":300.00001221925,"st":0,"ct":1,"bm":0},{"ddd":0,"ind":17,"ty":4,"nm":"Shape Layer 1","sr":1,"ks":{"o":{"a":0,"k":50,"ix":11},"r":{"a":0,"k":0,"ix":10},"p":{"a":0,"k":[544,752,0],"ix":2,"l":2},"a":{"a":0,"k":[7,222,0],"ix":1,"l":2},"s":{"a":1,"k":[{"i":{"x":[0.833,0.833,0.833],"y":[0.833,0.833,0.833]},"o":{"x":[0.167,0.167,0.167],"y":[0.167,0.167,0.167]},"t":0,"s":[100,100,100]},{"i":{"x":[0.833,0.833,0.833],"y":[0.833,0.833,0.833]},"o":{"x":[0.167,0.167,0.167],"y":[0.167,0.167,0.167]},"t":3,"s":[92,100,100]},{"i":{"x":[0.833,0.833,0.833],"y":[0.833,0.833,0.833]},"o":{"x":[0.167,0.167,0.167],"y":[0.167,0.167,0.167]},"t":9,"s":[105,100,100]},{"t":14.0000005702317,"s":[100,100,100]}],"ix":6,"l":2}},"ao":0,"shapes":[{"ty":"gr","it":[{"ind":0,"ty":"sh","ix":1,"ks":{"a":0,"k":{"i":[[0,0],[0,0]],"o":[[0,0],[0,0]],"v":[[-278,222],[292,222]],"c":false},"ix":2},"nm":"Path 1","mn":"ADBE Vector Shape - Group","hd":false},{"ty":"st","c":{"a":0,"k":[0,0,0,1],"ix":3},"o":{"a":0,"k":100,"ix":4},"w":{"a":0,"k":10,"ix":5},"lc":2,"lj":1,"ml":4,"bm":0,"nm":"Stroke 1","mn":"ADBE Vector Graphic - Stroke","hd":false},{"ty":"tr","p":{"a":0,"k":[0,0],"ix":2},"a":{"a":0,"k":[0,0],"ix":1},"s":{"a":0,"k":[100,100],"ix":3},"r":{"a":0,"k":0,"ix":6},"o":{"a":0,"k":100,"ix":7},"sk":{"a":0,"k":0,"ix":4},"sa":{"a":0,"k":0,"ix":5},"nm":"Transform"}],"nm":"Shape 1","np":3,"cix":2,"bm":0,"ix":1,"mn":"ADBE Vector Group","hd":false}],"ip":0,"op":300.00001221925,"st":0,"ct":1,"bm":0}]}],"layers":[{"ddd":0,"ind":1,"ty":0,"nm":"1","refId":"comp_0","sr":1,"ks":{"o":{"a":0,"k":100,"ix":11},"r":{"a":0,"k":0,"ix":10},"p":{"a":0,"k":[540,540,0],"ix":2,"l":2},"a":{"a":0,"k":[540,540,0],"ix":1,"l":2},"s":{"a":0,"k":[165,165,100],"ix":6,"l":2}},"ao":0,"w":1080,"h":1080,"ip":0,"op":300.00001221925,"st":0,"bm":0}],"markers":[]}